symbol,contractType,status,baseAsset,t0Iso,origin,spotFirstIso,mexcFirstIso
BTCUSDT,PERPETUAL,TRADING,BTC,2019-09-08T17:00:00.000Z,C,2017-08-17,2025-03-24
ETHUSDT,PERPETUAL,TRADING,ETH,2019-11-27T07:00:00.000Z,C,2017-08-17,2025-03-24
BCHUSDT,PERPETUAL,TRADING,BCH,2019-12-19T08:00:00.000Z,A,2019-11-28,2025-03-27
XRPUSDT,PERPETUAL,TRADING,XRP,2020-01-06T08:00:00.000Z,C,2018-05-04,2025-03-25
LTCUSDT,PERPETUAL,TRADING,LTC,2020-01-09T08:00:00.000Z,C,2017-12-13,2025-03-31
TRXUSDT,PERPETUAL,TRADING,TRX,2020-01-15T08:00:00.000Z,C,2018-06-11,2025-05-28
ETCUSDT,PERPETUAL,TRADING,ETC,2020-01-16T08:00:00.000Z,C,2018-06-12,2025-04-15
LINKUSDT,PERPETUAL,TRADING,LINK,2020-01-17T08:00:00.000Z,C,2019-01-16,2024-12-11
XLMUSDT,PERPETUAL,TRADING,XLM,2020-01-20T08:00:00.000Z,C,2018-05-31,2025-04-15
ADAUSDT,PERPETUAL,TRADING,ADA,2020-01-31T08:00:00.000Z,C,2018-04-17,2025-03-28
XMRUSDT,PERPETUAL,TRADING,XMR,2020-02-03T08:00:00.000Z,A,,2020-09-16
DASHUSDT,PERPETUAL,TRADING,DASH,2020-02-04T08:00:00.000Z,C,2019-03-28,2020-06-29
ZECUSDT,PERPETUAL,TRADING,ZEC,2020-02-05T08:00:00.000Z,C,2019-03-21,2025-11-20
XTZUSDT,PERPETUAL,TRADING,XTZ,2020-02-06T08:00:00.000Z,C,2019-09-24,2020-06-29
ATOMUSDT,PERPETUAL,TRADING,ATOM,2020-02-07T12:00:00.000Z,C,2019-04-29,2020-06-22
BNBUSDT,PERPETUAL,TRADING,BNB,2020-02-10T08:00:00.000Z,C,2017-11-06,2025-03-28
ONTUSDT,PERPETUAL,TRADING,ONT,2020-02-11T08:00:00.000Z,C,2018-06-08,2020-06-29
IOTAUSDT,PERPETUAL,TRADING,IOTA,2020-02-12T08:00:00.000Z,C,2018-05-31,2020-07-23
BATUSDT,PERPETUAL,TRADING,BAT,2020-02-13T08:00:00.000Z,C,2019-03-04,2020-07-23
VETUSDT,PERPETUAL,TRADING,VET,2020-02-14T08:00:00.000Z,C,2018-07-25,2021-04-28
NEOUSDT,PERPETUAL,TRADING,NEO,2020-02-17T08:00:00.000Z,C,2017-11-20,2025-03-31
QTUMUSDT,PERPETUAL,TRADING,QTUM,2020-02-20T08:00:00.000Z,C,2018-03-19,2020-06-29
IOSTUSDT,PERPETUAL,TRADING,IOST,2020-02-21T08:00:00.000Z,C,2019-03-22,2020-10-13
THETAUSDT,PERPETUAL,TRADING,THETA,2020-05-27T08:00:00.000Z,C,2019-04-10,2020-10-14
ALGOUSDT,PERPETUAL,TRADING,ALGO,2020-06-16T09:00:00.000Z,C,2019-06-22,2020-07-23
ZILUSDT,PERPETUAL,TRADING,ZIL,2020-06-18T09:00:00.000Z,C,2019-02-19,2020-10-21
KNCUSDT,PERPETUAL,TRADING,KNC,2020-06-22T08:00:00.000Z,A,2020-06-12,2020-07-09
ZRXUSDT,PERPETUAL,TRADING,ZRX,2020-06-24T09:00:00.000Z,C,2019-02-28,2020-09-12
COMPUSDT,PERPETUAL,TRADING,COMP,2020-06-30T09:00:00.000Z,A,2020-06-25,2020-09-08
OMGUSDT,PERPETUAL,SETTLING,OMG,2020-07-02T09:00:00.000Z,U,,
DOGEUSDT,PERPETUAL,TRADING,DOGE,2020-07-10T09:00:00.000Z,C,2019-07-05,2024-12-13
KAVAUSDT,PERPETUAL,TRADING,KAVA,2020-07-28T07:00:00.000Z,C,2019-10-25,2020-09-08
BANDUSDT,PERPETUAL,TRADING,BAND,2020-07-29T07:00:00.000Z,C,2019-09-18,2020-09-08
RLCUSDT,PERPETUAL,TRADING,RLC,2020-07-31T07:00:00.000Z,C,2019-11-14,2022-08-12
WAVESUSDT,PERPETUAL,SETTLING,WAVES,2020-08-12T07:00:00.000Z,A,,2020-11-23
MKRUSDT,PERPETUAL,SETTLING,MKR,2020-08-13T07:00:00.000Z,U,,
SNXUSDT,PERPETUAL,TRADING,SNX,2020-08-14T07:00:00.000Z,C,2020-07-09,2021-04-28
DOTUSDT,PERPETUAL,TRADING,DOT,2020-08-22T07:00:00.000Z,A,2020-08-18,2025-04-15
DEFIUSDT,PERPETUAL,SETTLING,DEFI,2020-08-28T07:00:00.000Z,U,,
YFIUSDT,PERPETUAL,TRADING,YFI,2020-08-31T07:00:00.000Z,A,2020-08-10,2020-08-31
BALUSDT,PERPETUAL,SETTLING,BAL,2020-09-01T07:00:00.000Z,U,,
CRVUSDT,PERPETUAL,TRADING,CRV,2020-09-01T07:00:00.000Z,A,2020-08-15,2025-03-27
TRBUSDT,PERPETUAL,TRADING,TRB,2020-09-03T07:00:00.000Z,A,2020-08-29,2022-08-15
RUNEUSDT,PERPETUAL,TRADING,RUNE,2020-09-04T07:00:00.000Z,A,2020-09-04,2022-03-10
SUSHIUSDT,PERPETUAL,TRADING,SUSHI,2020-09-04T07:00:00.000Z,A,2020-09-01,2020-09-01
EGLDUSDT,PERPETUAL,TRADING,EGLD,2020-09-14T07:00:00.000Z,A,2020-09-03,2021-01-09
SOLUSDT,PERPETUAL,TRADING,SOL,2020-09-14T07:00:00.000Z,C,2020-08-11,2024-12-13
ICXUSDT,PERPETUAL,TRADING,ICX,2020-09-15T06:00:00.000Z,C,2018-06-13,2021-04-29
STORJUSDT,PERPETUAL,TRADING,STORJ,2020-09-16T07:00:00.000Z,C,2020-07-30,2020-09-16
BLZUSDT,PERPETUAL,SETTLING,BLZ,2020-09-17T07:00:00.000Z,U,,
UNIUSDT,PERPETUAL,TRADING,UNI,2020-09-18T07:00:00.000Z,A,2020-09-17,2025-05-26
AVAXUSDT,PERPETUAL,TRADING,AVAX,2020-09-23T07:00:00.000Z,A,2020-09-22,2024-12-13
FTMUSDT,PERPETUAL,SETTLING,FTM,2020-09-24T07:00:00.000Z,U,,
ENJUSDT,PERPETUAL,TRADING,ENJ,2020-09-29T07:00:00.000Z,C,2019-04-18,2021-03-30
FLMUSDT,PERPETUAL,SETTLING,FLM,2020-09-29T07:00:00.000Z,U,,
RENUSDT,PERPETUAL,SETTLING,REN,2020-10-13T07:00:00.000Z,U,,
KSMUSDT,PERPETUAL,TRADING,KSM,2020-10-14T07:00:00.000Z,C,2020-09-04,2020-10-22
NEARUSDT,PERPETUAL,TRADING,NEAR,2020-10-15T08:00:00.000Z,A,2020-10-14,2025-04-01
FILUSDT,PERPETUAL,TRADING,FIL,2020-10-16T06:00:00.000Z,A,2020-10-15,2025-03-31
AAVEUSDT,PERPETUAL,TRADING,AAVE,2020-10-16T07:00:00.000Z,A,2020-10-15,2025-05-26
LRCUSDT,PERPETUAL,SETTLING,LRC,2020-10-19T07:00:00.000Z,A,,2020-11-11
RSRUSDT,PERPETUAL,TRADING,RSR,2020-10-19T07:00:00.000Z,C,2020-08-27,2021-04-28
OCEANUSDT,PERPETUAL,SETTLING,OCEAN,2020-11-03T07:00:00.000Z,U,,
BELUSDT,PERPETUAL,TRADING,BEL,2020-11-18T07:00:00.000Z,C,2020-09-15,2022-06-14
AXSUSDT,PERPETUAL,TRADING,AXS,2020-11-20T07:00:00.000Z,A,2020-11-04,2020-11-20
ALPHAUSDT,PERPETUAL,SETTLING,ALPHA,2020-11-23T07:00:00.000Z,U,,
ZENUSDT,PERPETUAL,TRADING,ZEN,2020-11-24T07:00:00.000Z,C,2020-07-06,2020-11-24
SKLUSDT,PERPETUAL,TRADING,SKL,2020-12-08T07:00:00.000Z,A,2020-12-01,2020-12-09
GRTUSDT,PERPETUAL,TRADING,GRT,2020-12-19T07:00:00.000Z,A,2020-12-17,2020-12-19
1INCHUSDT,PERPETUAL,TRADING,1INCH,2020-12-25T10:00:00.000Z,A,2020-12-25,2020-12-25
CHZUSDT,PERPETUAL,TRADING,CHZ,2021-01-21T07:00:00.000Z,C,2019-09-06,2021-02-11
SANDUSDT,PERPETUAL,TRADING,SAND,2021-01-25T07:00:00.000Z,C,2020-08-14,2021-01-28
ANKRUSDT,PERPETUAL,TRADING,ANKR,2021-01-26T07:00:00.000Z,C,2019-07-23,2021-04-01
UNFIUSDT,PERPETUAL,SETTLING,UNFI,2021-02-19T07:00:00.000Z,U,,
REEFUSDT,PERPETUAL,SETTLING,REEF,2021-02-22T07:00:00.000Z,U,,
RVNUSDT,PERPETUAL,TRADING,RVN,2021-02-23T07:00:00.000Z,C,2019-09-25,2022-01-05
SFPUSDT,PERPETUAL,TRADING,SFP,2021-02-24T07:00:00.000Z,A,2021-02-08,2021-12-02
XEMUSDT,PERPETUAL,SETTLING,XEM,2021-03-03T07:00:00.000Z,U,,
COTIUSDT,PERPETUAL,TRADING,COTI,2021-03-10T07:00:00.000Z,C,2020-02-26,2021-03-10
CHRUSDT,PERPETUAL,TRADING,CHR,2021-03-12T07:00:00.000Z,C,2020-05-07,2021-11-05
MANAUSDT,PERPETUAL,TRADING,MANA,2021-03-15T07:00:00.000Z,C,2020-08-06,2021-04-01
ALICEUSDT,PERPETUAL,TRADING,ALICE,2021-03-16T03:00:00.000Z,A,2021-03-15,2021-03-17
HBARUSDT,PERPETUAL,TRADING,HBAR,2021-03-17T07:00:00.000Z,C,2019-09-29,2025-03-26
ONEUSDT,PERPETUAL,TRADING,ONE,2021-03-18T07:00:00.000Z,C,2019-06-01,2021-03-27
LINAUSDT,PERPETUAL,SETTLING,LINA,2021-03-19T07:00:00.000Z,U,,
STMXUSDT,PERPETUAL,SETTLING,STMX,2021-03-22T07:00:00.000Z,U,,
DENTUSDT,PERPETUAL,SETTLING,DENT,2021-03-24T04:00:00.000Z,U,,
CELRUSDT,PERPETUAL,TRADING,CELR,2021-03-29T07:00:00.000Z,C,2019-03-25,2021-03-30
HOTUSDT,PERPETUAL,TRADING,HOT,2021-03-30T07:00:00.000Z,C,2019-02-18,2021-03-30
MTLUSDT,PERPETUAL,TRADING,MTL,2021-03-31T07:00:00.000Z,C,2019-08-23,2021-04-01
OGNUSDT,PERPETUAL,TRADING,OGN,2021-04-01T07:00:00.000Z,C,2020-01-09,2021-04-02
NKNUSDT,PERPETUAL,SETTLING,NKN,2021-04-09T07:00:00.000Z,U,,
SCUSDT,PERPETUAL,SETTLING,SC,2021-04-12T07:00:00.000Z,C,2020-07-06,
DGBUSDT,PERPETUAL,SETTLING,DGB,2021-04-21T03:00:00.000Z,C,2020-07-20,
1000SHIBUSDT,PERPETUAL,TRADING,1000SHIB,2021-05-10T17:00:00.000Z,U,,
BAKEUSDT,PERPETUAL,SETTLING,BAKE,2021-05-19T07:00:00.000Z,U,,
GTCUSDT,PERPETUAL,TRADING,GTC,2021-06-11T03:00:00.000Z,A,2021-06-10,
BTCDOMUSDT,PERPETUAL,TRADING,BTCDOM,2021-06-21T03:00:00.000Z,U,,
IOTXUSDT,PERPETUAL,TRADING,IOTX,2021-08-12T03:00:00.000Z,C,2019-11-14,2021-08-12
RAYUSDT,PERPETUAL,SETTLING,RAY,2021-08-20T03:00:00.000Z,A,2021-08-10,2021-09-07
C98USDT,PERPETUAL,TRADING,C98,2021-08-24T03:00:00.000Z,C,2021-07-23,2021-07-28
MASKUSDT,PERPETUAL,TRADING,MASK,2021-08-27T03:00:00.000Z,C,2021-05-25,2021-08-27
ATAUSDT,PERPETUAL,SETTLING,ATA,2021-08-31T03:00:00.000Z,U,,
DYDXUSDT,PERPETUAL,TRADING,DYDX,2021-09-10T03:00:00.000Z,A,2021-09-09,2021-09-08
1000XECUSDT,PERPETUAL,TRADING,1000XEC,2021-09-17T03:00:00.000Z,U,,
GALAUSDT,PERPETUAL,TRADING,GALA,2021-09-18T03:00:00.000Z,A,2021-09-13,2021-09-16
CELOUSDT,PERPETUAL,TRADING,CELO,2021-09-27T03:00:00.000Z,C,2021-01-05,2021-09-24
ARUSDT,PERPETUAL,TRADING,AR,2021-09-28T03:00:00.000Z,C,2021-05-14,2021-11-03
KLAYUSDT,PERPETUAL,SETTLING,KLAY,2021-10-12T03:00:00.000Z,U,,
ARPAUSDT,PERPETUAL,TRADING,ARPA,2021-10-19T03:00:00.000Z,C,2019-11-06,2021-10-18
CTSIUSDT,PERPETUAL,TRADING,CTSI,2021-10-26T03:00:00.000Z,C,2020-04-23,2021-10-25
LPTUSDT,PERPETUAL,TRADING,LPT,2021-11-11T03:00:00.000Z,C,2021-05-28,2021-11-10
ENSUSDT,PERPETUAL,TRADING,ENS,2021-11-30T03:00:00.000Z,B,2021-11-10,2021-11-09
PEOPLEUSDT,PERPETUAL,TRADING,PEOPLE,2021-12-24T04:00:00.000Z,B,2021-12-23,2021-11-27
ROSEUSDT,PERPETUAL,TRADING,ROSE,2021-12-31T03:00:00.000Z,C,2020-11-19,2021-12-31
DUSKUSDT,PERPETUAL,TRADING,DUSK,2022-01-07T03:00:00.000Z,C,2019-07-22,2022-01-07
FLOWUSDT,PERPETUAL,TRADING,FLOW,2022-02-10T03:00:00.000Z,C,2021-07-30,2021-03-09
IMXUSDT,PERPETUAL,TRADING,IMX,2022-02-11T03:00:00.000Z,C,2022-01-10,2021-11-18
API3USDT,PERPETUAL,TRADING,API3,2022-02-22T03:00:00.000Z,C,2022-01-21,2022-02-22
GMTUSDT,PERPETUAL,TRADING,GMT,2022-03-15T04:00:00.000Z,A,2022-03-09,2022-03-15
APEUSDT,PERPETUAL,TRADING,APE,2022-03-17T15:00:00.000Z,A,2022-03-17,2022-03-17
WOOUSDT,PERPETUAL,TRADING,WOO,2022-04-08T03:00:00.000Z,C,2022-02-08,2022-01-04
FTTUSDT,PERPETUAL,SETTLING,FTT,2022-04-15T03:00:00.000Z,C,2019-12-20,
JASMYUSDT,PERPETUAL,TRADING,JASMY,2022-04-20T03:00:00.000Z,C,2021-11-22,2021-11-22
DARUSDT,PERPETUAL,SETTLING,DAR,2022-04-29T03:00:00.000Z,U,,
OPUSDT,PERPETUAL,TRADING,OP,2022-06-01T14:00:00.000Z,A,2022-06-01,2025-05-26
INJUSDT,PERPETUAL,TRADING,INJ,2022-08-17T02:00:00.000Z,C,2020-10-21,2025-07-30
STGUSDT,PERPETUAL,TRADING,STG,2022-08-25T12:00:00.000Z,A,2022-08-19,2022-08-19
SPELLUSDT,PERPETUAL,TRADING,SPELL,2022-09-06T12:00:00.000Z,C,2021-12-24,2021-12-07
1000LUNCUSDT,PERPETUAL,TRADING,1000LUNC,2022-09-09T13:00:00.000Z,U,,
LUNA2USDT,PERPETUAL,TRADING,LUNA2,2022-09-10T03:00:00.000Z,U,,
LDOUSDT,PERPETUAL,TRADING,LDO,2022-09-22T12:00:00.000Z,C,2022-05-09,2022-07-18
ICPUSDT,PERPETUAL,TRADING,ICP,2022-09-27T02:00:00.000Z,C,2021-05-11,2026-01-22
APTUSDT,PERPETUAL,TRADING,APT,2022-10-19T02:00:00.000Z,A,2022-10-19,2025-05-28
QNTUSDT,PERPETUAL,TRADING,QNT,2022-10-20T02:00:00.000Z,C,2021-07-29,2023-03-27
FETUSDT,PERPETUAL,TRADING,FET,2023-01-17T02:00:00.000Z,C,2019-02-28,2023-02-06
FXSUSDT,PERPETUAL,SETTLING,FXS,2023-01-20T03:00:00.000Z,U,,
HOOKUSDT,PERPETUAL,SETTLING,HOOK,2023-01-23T03:00:00.000Z,U,,
MAGICUSDT,PERPETUAL,TRADING,MAGIC,2023-01-25T03:00:00.000Z,C,2022-12-12,2022-12-13
TUSDT,PERPETUAL,TRADING,T,2023-02-01T13:00:00.000Z,C,2022-02-25,2023-03-15
HIGHUSDT,PERPETUAL,SETTLING,HIGH,2023-02-07T02:00:00.000Z,B,,2023-01-30
MINAUSDT,PERPETUAL,TRADING,MINA,2023-02-07T11:00:00.000Z,C,2021-08-10,2021-09-10
ASTRUSDT,PERPETUAL,TRADING,ASTR,2023-02-14T02:00:00.000Z,C,2022-02-28,2022-04-14
AGIXUSDT,PERPETUAL,SETTLING,AGIX,2023-02-16T14:00:00.000Z,U,,
PHBUSDT,PERPETUAL,SETTLING,PHB,2023-02-16T14:00:00.000Z,U,,
GMXUSDT,PERPETUAL,TRADING,GMX,2023-02-17T14:00:00.000Z,C,2022-10-05,2022-10-05
CFXUSDT,PERPETUAL,TRADING,CFX,2023-02-20T14:00:00.000Z,C,2021-03-29,2021-09-19
STXUSDT,PERPETUAL,TRADING,STX,2023-02-21T14:00:00.000Z,C,2019-10-25,2023-02-20
ACHUSDT,PERPETUAL,TRADING,ACH,2023-02-22T14:00:00.000Z,C,2022-01-10,2021-08-07
BNXUSDT,PERPETUAL,SETTLING,BNX,2023-02-22T14:00:00.000Z,U,,
SSVUSDT,PERPETUAL,TRADING,SSV,2023-02-24T12:00:00.000Z,A,2023-02-24,2023-03-09
CKBUSDT,PERPETUAL,TRADING,CKB,2023-02-28T12:00:00.000Z,C,2021-01-26,2023-03-21
PERPUSDT,PERPETUAL,SETTLING,PERP,2023-03-06T12:00:00.000Z,U,,
TRUUSDT,PERPETUAL,SETTLING,TRU,2023-03-07T12:00:00.000Z,U,,
LQTYUSDT,PERPETUAL,TRADING,LQTY,2023-03-10T12:00:00.000Z,A,2023-02-28,2023-03-09
USDCUSDT,PERPETUAL,TRADING,USDC,2023-03-12T17:00:00.000Z,C,2018-12-15,2023-03-11
IDUSDT,PERPETUAL,TRADING,ID,2023-03-23T14:00:00.000Z,A,2023-03-22,2023-03-22
ARBUSDT,PERPETUAL,TRADING,ARB,2023-03-23T15:00:00.000Z,A,2023-03-23,2025-03-26
JOEUSDT,PERPETUAL,TRADING,JOE,2023-03-29T12:00:00.000Z,C,2021-12-28,2021-12-28
AMBUSDT,PERPETUAL,SETTLING,AMB,2023-03-30T12:00:00.000Z,U,,
LEVERUSDT,PERPETUAL,SETTLING,LEVER,2023-03-30T12:00:00.000Z,U,,
TLMUSDT,PERPETUAL,TRADING,TLM,2023-03-30T12:00:00.000Z,C,2021-04-13,2021-07-16
RDNTUSDT,PERPETUAL,SETTLING,RDNT,2023-04-05T12:00:00.000Z,U,,
HFTUSDT,PERPETUAL,TRADING,HFT,2023-04-06T12:00:00.000Z,C,2022-11-07,2023-03-28
XVSUSDT,PERPETUAL,TRADING,XVS,2023-04-13T02:00:00.000Z,C,2020-10-06,2023-04-12
BLURUSDT,PERPETUAL,TRADING,BLUR,2023-04-28T12:00:00.000Z,B,2023-11-24,2023-02-15
EDUUSDT,PERPETUAL,TRADING,EDU,2023-04-30T12:00:00.000Z,A,2023-04-28,2023-04-30
IDEXUSDT,PERPETUAL,SETTLING,IDEX,2023-05-03T12:00:00.000Z,U,,
SUIUSDT,PERPETUAL,TRADING,SUI,2023-05-03T16:00:00.000Z,A,2023-05-03,2024-12-13
1000PEPEUSDT,PERPETUAL,TRADING,1000PEPE,2023-05-05T16:00:00.000Z,U,,
1000FLOKIUSDT,PERPETUAL,TRADING,1000FLOKI,2023-05-06T16:00:00.000Z,U,,
RADUSDT,PERPETUAL,SETTLING,RAD,2023-05-10T12:00:00.000Z,C,2021-10-07,
UMAUSDT,PERPETUAL,TRADING,UMA,2023-05-10T12:00:00.000Z,C,2020-09-09,2021-11-08
KEYUSDT,PERPETUAL,SETTLING,KEY,2023-05-24T12:00:00.000Z,U,,
ETHBTC,PERPETUAL,TRADING,ETH,2023-05-24T18:00:00.000Z,C,2017-08-17,2025-03-24
COMBOUSDT,PERPETUAL,SETTLING,COMBO,2023-06-02T12:00:00.000Z,U,,
NMRUSDT,PERPETUAL,TRADING,NMR,2023-06-22T12:00:00.000Z,C,2020-08-19,2023-06-21
MAVUSDT,PERPETUAL,TRADING,MAV,2023-06-29T12:00:00.000Z,A,2023-06-28,2023-06-28
MDTUSDT,PERPETUAL,SETTLING,MDT,2023-06-30T12:00:00.000Z,U,,
XVGUSDT,PERPETUAL,TRADING,XVG,2023-07-05T12:00:00.000Z,C,2021-06-06,2023-07-04
WLDUSDT,PERPETUAL,TRADING,WLD,2023-07-24T12:00:00.000Z,A,2023-07-24,2023-07-24
ARKMUSDT,PERPETUAL,TRADING,ARKM,2023-07-28T02:00:00.000Z,B,2023-07-18,2023-07-18
PENDLEUSDT,PERPETUAL,TRADING,PENDLE,2023-07-28T02:00:00.000Z,A,2023-07-03,2025-09-26
AGLDUSDT,PERPETUAL,TRADING,AGLD,2023-07-29T02:00:00.000Z,C,2021-10-05,2021-09-04
YGGUSDT,PERPETUAL,TRADING,YGG,2023-08-05T03:00:00.000Z,C,2021-09-24,2021-11-18
DODOXUSDT,PERPETUAL,TRADING,DODOX,2023-08-08T12:00:00.000Z,U,,
BNTUSDT,PERPETUAL,TRADING,BNT,2023-08-10T12:00:00.000Z,C,2020-02-06,2023-04-12
OXTUSDT,PERPETUAL,SETTLING,OXT,2023-08-11T12:00:00.000Z,U,,
SEIUSDT,PERPETUAL,TRADING,SEI,2023-08-17T02:00:00.000Z,A,2023-08-15,2023-08-15
CYBERUSDT,PERPETUAL,TRADING,CYBER,2023-08-21T12:00:00.000Z,A,2023-08-15,2023-08-15
HIFIUSDT,PERPETUAL,SETTLING,HIFI,2023-09-16T14:00:00.000Z,U,,
ARKUSDT,PERPETUAL,TRADING,ARK,2023-09-19T14:00:00.000Z,B,2023-09-22,2023-08-15
GLMRUSDT,PERPETUAL,SETTLING,GLMR,2023-09-26T01:00:00.000Z,C,2022-01-11,
BICOUSDT,PERPETUAL,TRADING,BICO,2023-09-28T12:00:00.000Z,C,2021-12-09,2021-12-09
STRAXUSDT,PERPETUAL,SETTLING,STRAX,2023-10-11T02:00:00.000Z,C,2020-11-18,
LOOMUSDT,PERPETUAL,SETTLING,LOOM,2023-10-11T14:00:00.000Z,U,,
BIGTIMEUSDT,PERPETUAL,TRADING,BIGTIME,2023-10-12T14:00:00.000Z,A,2025-04-11,2023-10-11
BONDUSDT,PERPETUAL,SETTLING,BOND,2023-10-15T14:00:00.000Z,U,,
ORBSUSDT,PERPETUAL,SETTLING,ORBS,2023-10-17T06:00:00.000Z,U,,
STPTUSDT,PERPETUAL,SETTLING,STPT,2023-10-18T14:00:00.000Z,U,,
WAXPUSDT,PERPETUAL,TRADING,WAXP,2023-10-18T14:00:00.000Z,C,2021-08-23,2021-11-15
BSVUSDT,PERPETUAL,TRADING,BSV,2023-10-20T12:00:00.000Z,B,,2020-06-20
RIFUSDT,PERPETUAL,TRADING,RIF,2023-10-21T12:00:00.000Z,C,2021-01-07,2023-05-09
GASUSDT,PERPETUAL,TRADING,GAS,2023-10-25T02:00:00.000Z,C,2023-03-17,2023-10-23
POLYXUSDT,PERPETUAL,TRADING,POLYX,2023-10-25T02:00:00.000Z,C,2022-10-17,2023-04-21
POWRUSDT,PERPETUAL,TRADING,POWR,2023-10-27T02:00:00.000Z,C,2021-11-17,2023-10-24
TIAUSDT,PERPETUAL,TRADING,TIA,2023-10-31T18:00:00.000Z,A,2023-10-31,2023-10-31
CAKEUSDT,PERPETUAL,TRADING,CAKE,2023-11-02T12:00:00.000Z,C,2021-02-19,2023-04-26
SNTUSDT,PERPETUAL,SETTLING,SNT,2023-11-02T12:00:00.000Z,A,,2023-11-02
MEMEUSDT,PERPETUAL,TRADING,MEME,2023-11-03T12:00:00.000Z,A,2023-11-03,2023-11-03
TWTUSDT,PERPETUAL,TRADING,TWT,2023-11-03T14:00:00.000Z,C,2021-01-27,2022-11-15
TOKENUSDT,PERPETUAL,SETTLING,TOKEN,2023-11-03T15:00:00.000Z,U,,
ORDIUSDT,PERPETUAL,TRADING,ORDI,2023-11-07T12:00:00.000Z,A,2023-11-07,2025-03-27
STEEMUSDT,PERPETUAL,TRADING,STEEM,2023-11-08T14:00:00.000Z,C,2022-04-22,2023-10-25
BADGERUSDT,PERPETUAL,SETTLING,BADGER,2023-11-09T12:00:00.000Z,U,,
ILVUSDT,PERPETUAL,TRADING,ILV,2023-11-10T16:00:00.000Z,C,2021-09-22,2021-11-24
NTRNUSDT,PERPETUAL,SETTLING,NTRN,2023-11-14T12:00:00.000Z,U,,
KASUSDT,PERPETUAL,TRADING,KAS,2023-11-17T02:00:00.000Z,B,,2022-11-28
BEAMXUSDT,PERPETUAL,TRADING,BEAMX,2023-11-17T13:00:00.000Z,A,2023-11-14,2023-11-20
1000BONKUSDT,PERPETUAL,TRADING,1000BONK,2023-11-22T14:00:00.000Z,A,,2025-03-27
PYTHUSDT,PERPETUAL,TRADING,PYTH,2023-11-22T14:00:00.000Z,A,2024-02-02,2023-11-20
SUPERUSDT,PERPETUAL,TRADING,SUPER,2023-11-26T13:00:00.000Z,C,2021-03-25,2023-03-31
USTCUSDT,PERPETUAL,TRADING,USTC,2023-11-27T12:00:00.000Z,C,2023-03-10,2022-05-26
ONGUSDT,PERPETUAL,TRADING,ONG,2023-11-27T13:00:00.000Z,C,2019-02-16,2023-11-27
ETHWUSDT,PERPETUAL,TRADING,ETHW,2023-11-28T12:00:00.000Z,B,,2022-08-12
JTOUSDT,PERPETUAL,TRADING,JTO,2023-12-08T10:00:00.000Z,A,2023-12-07,2023-12-07
1000SATSUSDT,PERPETUAL,TRADING,1000SATS,2023-12-12T14:00:00.000Z,A,2023-12-12,
AUCTIONUSDT,PERPETUAL,TRADING,AUCTION,2023-12-15T13:00:00.000Z,C,2021-10-29,2023-09-19
1000RATSUSDT,PERPETUAL,TRADING,1000RATS,2023-12-15T14:00:00.000Z,B,,2023-11-22
ACEUSDT,PERPETUAL,TRADING,ACE,2023-12-18T10:00:00.000Z,A,2023-12-18,2023-12-18
MOVRUSDT,PERPETUAL,TRADING,MOVR,2023-12-26T12:00:00.000Z,C,2021-11-08,2023-11-23
NFPUSDT,PERPETUAL,SETTLING,NFP,2023-12-27T13:00:00.000Z,U,,
BNBUSDC,PERPETUAL,TRADING,BNB,2024-01-04T12:00:00.000Z,C,2017-11-06,2025-03-28
BTCUSDC,PERPETUAL,TRADING,BTC,2024-01-04T12:00:00.000Z,C,2017-08-17,2025-03-24
ETHUSDC,PERPETUAL,TRADING,ETH,2024-01-04T12:00:00.000Z,C,2017-08-17,2025-03-24
SOLUSDC,PERPETUAL,TRADING,SOL,2024-01-04T12:00:00.000Z,C,2020-08-11,2024-12-13
XRPUSDC,PERPETUAL,TRADING,XRP,2024-01-04T12:00:00.000Z,C,2018-05-04,2025-03-25
AIUSDT,PERPETUAL,SETTLING,AI,2024-01-08T12:00:00.000Z,A,2024-01-04,
XAIUSDT,PERPETUAL,TRADING,XAI,2024-01-09T14:00:00.000Z,A,2024-01-09,2024-01-10
DOGEUSDC,PERPETUAL,TRADING,DOGE,2024-01-18T10:00:00.000Z,C,2019-07-05,2024-12-13
MANTAUSDT,PERPETUAL,TRADING,MANTA,2024-01-18T14:00:00.000Z,A,2024-01-18,2024-01-18
WIFUSDT,PERPETUAL,TRADING,WIF,2024-01-18T14:00:00.000Z,B,2024-03-05,2024-01-11
ONDOUSDT,PERPETUAL,TRADING,ONDO,2024-01-20T13:00:00.000Z,A,2025-04-11,2024-01-20
ALTUSDT,PERPETUAL,TRADING,ALT,2024-01-25T14:00:00.000Z,B,2024-01-25,2023-01-28
LSKUSDT,PERPETUAL,TRADING,LSK,2024-01-25T14:00:00.000Z,C,2020-02-06,2024-01-04
JUPUSDT,PERPETUAL,TRADING,JUP,2024-01-31T18:00:00.000Z,A,2024-01-31,2024-01-31
ZETAUSDT,PERPETUAL,TRADING,ZETA,2024-02-02T08:00:00.000Z,A,,2024-02-01
RONINUSDT,PERPETUAL,TRADING,RONIN,2024-02-06T04:00:00.000Z,A,2024-02-05,
DYMUSDT,PERPETUAL,TRADING,DYM,2024-02-07T07:00:00.000Z,A,2024-02-06,2024-02-06
SUIUSDC,PERPETUAL,TRADING,SUI,2024-02-08T07:00:00.000Z,C,2023-05-03,2024-12-13
OMUSDT,PERPETUAL,SETTLING,OM,2024-02-13T14:00:00.000Z,U,,
LINKUSDC,PERPETUAL,TRADING,LINK,2024-02-16T08:00:00.000Z,C,2019-01-16,2024-12-11
PIXELUSDT,PERPETUAL,TRADING,PIXEL,2024-02-19T15:00:00.000Z,A,2024-02-19,2024-02-19
STRKUSDT,PERPETUAL,TRADING,STRK,2024-02-20T17:00:00.000Z,A,2024-02-20,2024-02-20
ORDIUSDC,PERPETUAL,TRADING,ORDI,2024-02-22T07:00:00.000Z,C,2023-11-07,2025-03-27
GLMUSDT,PERPETUAL,TRADING,GLM,2024-02-22T10:00:00.000Z,C,2023-03-17,2024-02-21
PORTALUSDT,PERPETUAL,TRADING,PORTAL,2024-02-29T15:00:00.000Z,A,2024-02-29,2024-02-29
TONUSDT,PERPETUAL,SETTLING,TON,2024-03-01T12:00:00.000Z,U,,
AXLUSDT,PERPETUAL,TRADING,AXL,2024-03-01T15:00:00.000Z,A,2024-03-01,2024-03-01
MYROUSDT,PERPETUAL,SETTLING,MYRO,2024-03-05T08:00:00.000Z,U,,
1000PEPEUSDC,PERPETUAL,TRADING,1000PEPE,2024-03-07T08:00:00.000Z,U,,
METISUSDT,PERPETUAL,TRADING,METIS,2024-03-12T08:00:00.000Z,B,2024-03-11,2023-12-29
AEVOUSDT,PERPETUAL,TRADING,AEVO,2024-03-13T13:00:00.000Z,A,2024-03-13,2024-03-13
VANRYUSDT,PERPETUAL,TRADING,VANRY,2024-03-13T17:00:00.000Z,C,2023-12-01,2024-03-13
WLDUSDC,PERPETUAL,TRADING,WLD,2024-03-14T07:00:00.000Z,C,2023-07-24,2023-07-24
BOMEUSDT,PERPETUAL,TRADING,BOME,2024-03-16T12:00:00.000Z,A,2024-03-16,2024-03-15
ETHFIUSDT,PERPETUAL,TRADING,ETHFI,2024-03-18T15:00:00.000Z,A,2024-03-18,2024-03-18
AVAXUSDC,PERPETUAL,TRADING,AVAX,2024-03-20T07:00:00.000Z,C,2020-09-22,2024-12-13
1000SHIBUSDC,PERPETUAL,TRADING,1000SHIB,2024-03-28T07:00:00.000Z,U,,
ENAUSDT,PERPETUAL,TRADING,ENA,2024-04-02T12:00:00.000Z,A,2024-04-02,2024-04-02
WUSDT,PERPETUAL,TRADING,W,2024-04-03T15:00:00.000Z,A,2024-04-03,2024-04-03
BCHUSDC,PERPETUAL,TRADING,BCH,2024-04-04T07:00:00.000Z,C,2019-11-28,2025-03-27
WIFUSDC,PERPETUAL,TRADING,WIF,2024-04-04T07:00:00.000Z,C,2024-03-05,2024-01-11
TNSRUSDT,PERPETUAL,TRADING,TNSR,2024-04-08T17:00:00.000Z,A,2024-04-08,2024-04-08
SAGAUSDT,PERPETUAL,TRADING,SAGA,2024-04-09T10:00:00.000Z,A,2024-04-09,2024-04-09
LTCUSDC,PERPETUAL,TRADING,LTC,2024-04-11T07:00:00.000Z,C,2017-12-13,2025-03-31
NEARUSDC,PERPETUAL,TRADING,NEAR,2024-04-11T07:00:00.000Z,C,2020-10-14,2025-04-01
TAOUSDT,PERPETUAL,TRADING,TAO,2024-04-11T14:00:00.000Z,B,2024-04-11,2024-01-31
OMNIUSDT,PERPETUAL,SETTLING,OMNI,2024-04-17T14:00:00.000Z,U,,
ARBUSDC,PERPETUAL,TRADING,ARB,2024-04-18T07:00:00.000Z,C,2023-03-23,2025-03-26
FILUSDC,PERPETUAL,TRADING,FIL,2024-04-18T07:00:00.000Z,C,2020-10-15,2025-03-31
NEOUSDC,PERPETUAL,TRADING,NEO,2024-04-18T07:00:00.000Z,C,2017-11-20,2025-03-31
BOMEUSDC,PERPETUAL,TRADING,BOME,2024-04-25T07:00:00.000Z,C,2024-03-16,2024-03-15
TIAUSDC,PERPETUAL,TRADING,TIA,2024-04-25T07:00:00.000Z,C,2023-10-31,2023-10-31
REZUSDT,PERPETUAL,TRADING,REZ,2024-04-30T14:00:00.000Z,A,2024-04-30,2024-04-30
1000BONKUSDC,PERPETUAL,TRADING,1000BONK,2024-05-02T07:00:00.000Z,A,,2025-03-27
ENAUSDC,PERPETUAL,TRADING,ENA,2024-05-02T07:00:00.000Z,C,2024-04-02,2024-04-02
ETHFIUSDC,PERPETUAL,TRADING,ETHFI,2024-05-02T07:00:00.000Z,C,2024-03-18,2024-03-18
BBUSDT,PERPETUAL,TRADING,BB,2024-05-13T12:00:00.000Z,A,2024-05-13,2024-05-13
NOTUSDT,PERPETUAL,TRADING,NOT,2024-05-16T14:00:00.000Z,A,2024-05-16,2024-05-16
TURBOUSDT,PERPETUAL,TRADING,TURBO,2024-05-30T15:00:00.000Z,B,2024-09-16,2023-05-05
IOUSDT,PERPETUAL,TRADING,IO,2024-06-11T14:00:00.000Z,A,2024-06-11,2024-06-11
ZKUSDT,PERPETUAL,TRADING,ZK,2024-06-17T11:00:00.000Z,A,2024-06-17,
MEWUSDT,PERPETUAL,TRADING,MEW,2024-06-17T14:00:00.000Z,B,,2024-04-15
LISTAUSDT,PERPETUAL,TRADING,LISTA,2024-06-20T12:00:00.000Z,A,2024-06-20,2024-06-20
ZROUSDT,PERPETUAL,TRADING,ZRO,2024-06-20T14:00:00.000Z,A,2024-06-20,2024-06-20
CRVUSDC,PERPETUAL,TRADING,CRV,2024-07-04T07:00:00.000Z,C,2020-08-15,2025-03-27
RENDERUSDT,PERPETUAL,TRADING,RENDER,2024-07-26T10:00:00.000Z,A,2024-07-26,2024-07-26
BANANAUSDT,PERPETUAL,TRADING,BANANA,2024-08-15T02:00:00.000Z,B,2024-07-20,2024-07-20
GUSDT,PERPETUAL,TRADING,G,2024-08-15T12:00:00.000Z,B,2024-07-19,2024-07-25
RAREUSDT,PERPETUAL,TRADING,RARE,2024-08-15T13:00:00.000Z,C,2021-10-11,2023-11-27
SYNUSDT,PERPETUAL,TRADING,SYN,2024-08-16T12:00:00.000Z,C,2023-02-22,2023-02-23
SYSUSDT,PERPETUAL,SETTLING,SYS,2024-08-19T12:00:00.000Z,U,,
BRETTUSDT,PERPETUAL,TRADING,BRETT,2024-08-20T10:00:00.000Z,B,,2024-04-26
VOXELUSDT,PERPETUAL,SETTLING,VOXEL,2024-08-20T10:00:00.000Z,U,,
ALPACAUSDT,PERPETUAL,SETTLING,ALPACA,2024-08-22T10:00:00.000Z,U,,
POPCATUSDT,PERPETUAL,TRADING,POPCAT,2024-08-22T13:00:00.000Z,B,,2024-04-02
SUNUSDT,PERPETUAL,TRADING,SUN,2024-08-22T13:00:00.000Z,C,2020-09-21,2020-09-25
VIDTUSDT,PERPETUAL,SETTLING,VIDT,2024-08-23T09:00:00.000Z,U,,
NULSUSDT,PERPETUAL,SETTLING,NULS,2024-08-26T08:00:00.000Z,U,,
DOGSUSDT,PERPETUAL,TRADING,DOGS,2024-08-26T12:00:00.000Z,A,2024-08-26,2024-08-26
MBOXUSDT,PERPETUAL,SETTLING,MBOX,2024-08-28T09:00:00.000Z,U,,
CHESSUSDT,PERPETUAL,SETTLING,CHESS,2024-08-29T07:00:00.000Z,U,,
FLUXUSDT,PERPETUAL,TRADING,FLUX,2024-09-03T07:00:00.000Z,C,2021-12-10,2021-12-10
BSWUSDT,PERPETUAL,SETTLING,BSW,2024-09-05T06:00:00.000Z,U,,
QUICKUSDT,PERPETUAL,SETTLING,QUICK,2024-09-06T05:00:00.000Z,C,2021-08-13,
NEIROETHUSDT,PERPETUAL,SETTLING,NEIROETH,2024-09-06T14:00:00.000Z,U,,
RPLUSDT,PERPETUAL,TRADING,RPL,2024-09-09T12:00:00.000Z,C,2023-01-18,2023-03-27
POLUSDT,PERPETUAL,TRADING,POL,2024-09-13T12:00:00.000Z,B,2024-09-13,2024-09-04
UXLINKUSDT,PERPETUAL,SETTLING,UXLINK,2024-09-15T15:00:00.000Z,U,,
1MBABYDOGEUSDT,PERPETUAL,TRADING,1MBABYDOGE,2024-09-16T11:00:00.000Z,A,2024-09-16,
NEIROUSDT,PERPETUAL,TRADING,NEIRO,2024-09-16T11:00:00.000Z,A,2024-09-16,
KDAUSDT,PERPETUAL,SETTLING,KDA,2024-09-18T13:00:00.000Z,U,,
FIDAUSDT,PERPETUAL,TRADING,FIDA,2024-09-19T12:00:00.000Z,C,2021-09-30,2022-07-25
CATIUSDT,PERPETUAL,TRADING,CATI,2024-09-20T11:00:00.000Z,A,2024-09-20,2024-09-20
FIOUSDT,PERPETUAL,SETTLING,FIO,2024-09-20T11:00:00.000Z,U,,
GHSTUSDT,PERPETUAL,SETTLING,GHST,2024-09-23T13:00:00.000Z,U,,
LOKAUSDT,PERPETUAL,SETTLING,LOKA,2024-09-24T11:00:00.000Z,U,,
HMSTRUSDT,PERPETUAL,TRADING,HMSTR,2024-09-26T12:00:00.000Z,A,2024-09-26,2024-09-26
REIUSDT,PERPETUAL,SETTLING,REI,2024-09-27T11:00:00.000Z,U,,
COSUSDT,PERPETUAL,SETTLING,COS,2024-09-30T13:00:00.000Z,U,,
EIGENUSDT,PERPETUAL,TRADING,EIGEN,2024-10-01T06:00:00.000Z,A,2024-10-01,2024-10-01
DIAUSDT,PERPETUAL,TRADING,DIA,2024-10-02T12:00:00.000Z,C,2020-09-04,2024-09-30
1000CATUSDT,PERPETUAL,TRADING,1000CAT,2024-10-21T12:00:00.000Z,A,2024-12-17,
SCRUSDT,PERPETUAL,TRADING,SCR,2024-10-22T10:00:00.000Z,A,2024-10-11,2024-10-22
GOATUSDT,PERPETUAL,TRADING,GOAT,2024-10-24T13:00:00.000Z,B,,2024-10-17
MOODENGUSDT,PERPETUAL,TRADING,MOODENG,2024-10-25T10:00:00.000Z,B,,2024-09-26
SAFEUSDT,PERPETUAL,TRADING,SAFE,2024-10-25T12:00:00.000Z,B,,2024-04-29
SANTOSUSDT,PERPETUAL,TRADING,SANTOS,2024-10-28T14:00:00.000Z,C,2021-12-01,2022-08-19
TROYUSDT,PERPETUAL,SETTLING,TROY,2024-10-31T13:00:00.000Z,U,,
PONKEUSDT,PERPETUAL,SETTLING,PONKE,2024-11-04T12:00:00.000Z,U,,
COWUSDT,PERPETUAL,TRADING,COW,2024-11-06T13:00:00.000Z,A,2024-11-06,2024-11-06
CETUSUSDT,PERPETUAL,TRADING,CETUS,2024-11-06T14:00:00.000Z,B,2024-11-06,2023-05-11
1000000MOGUSDT,PERPETUAL,TRADING,1000000MOG,2024-11-07T12:00:00.000Z,B,,2024-06-04
DRIFTUSDT,PERPETUAL,TRADING,DRIFT,2024-11-08T15:00:00.000Z,B,,2024-05-21
GRASSUSDT,PERPETUAL,TRADING,GRASS,2024-11-08T15:00:00.000Z,B,,2024-10-28
SWELLUSDT,PERPETUAL,SETTLING,SWELL,2024-11-08T16:00:00.000Z,U,,
ACTUSDT,PERPETUAL,TRADING,ACT,2024-11-11T12:00:00.000Z,A,2024-11-11,2024-11-11
PNUTUSDT,PERPETUAL,TRADING,PNUT,2024-11-11T12:00:00.000Z,A,2024-11-11,2024-11-06
1000XUSDT,PERPETUAL,SETTLING,1000X,2024-11-13T12:00:00.000Z,U,,
HIPPOUSDT,PERPETUAL,SETTLING,HIPPO,2024-11-13T12:00:00.000Z,U,,
DEGENUSDT,PERPETUAL,SETTLING,DEGEN,2024-11-15T11:00:00.000Z,U,,
AKTUSDT,PERPETUAL,TRADING,AKT,2024-11-18T11:00:00.000Z,B,,2024-07-26
BANUSDT,PERPETUAL,TRADING,BAN,2024-11-18T11:00:00.000Z,A,,2024-11-14
SCRTUSDT,PERPETUAL,TRADING,SCRT,2024-11-21T11:00:00.000Z,C,2022-01-21,2022-01-18
SLERFUSDT,PERPETUAL,SETTLING,SLERF,2024-11-21T11:00:00.000Z,U,,
1000CHEEMSUSDT,PERPETUAL,TRADING,1000CHEEMS,2024-11-25T11:00:00.000Z,A,2025-02-09,
1000WHYUSDT,PERPETUAL,SETTLING,1000WHY,2024-11-25T11:00:00.000Z,U,,
THEUSDT,PERPETUAL,TRADING,THE,2024-11-27T12:00:00.000Z,A,2024-11-27,2024-11-27
CHILLGUYUSDT,PERPETUAL,TRADING,CHILLGUY,2024-11-27T14:00:00.000Z,A,,2024-11-21
MORPHOUSDT,PERPETUAL,TRADING,MORPHO,2024-11-27T14:00:00.000Z,A,2025-10-03,2024-11-21
AEROUSDT,PERPETUAL,TRADING,AERO,2024-12-04T14:00:00.000Z,B,,2024-07-15
KAIAUSDT,PERPETUAL,TRADING,KAIA,2024-12-04T14:00:00.000Z,C,2024-10-31,2024-10-31
ACXUSDT,PERPETUAL,TRADING,ACX,2024-12-06T15:00:00.000Z,A,2024-12-06,2024-12-06
ORCAUSDT,PERPETUAL,TRADING,ORCA,2024-12-06T15:00:00.000Z,B,2024-12-06,2024-07-22
MOVEUSDT,PERPETUAL,TRADING,MOVE,2024-12-09T14:00:00.000Z,A,2024-12-09,2024-12-09
KOMAUSDT,PERPETUAL,TRADING,KOMA,2024-12-10T12:00:00.000Z,A,,2024-12-10
RAYSOLUSDT,PERPETUAL,TRADING,RAYSOL,2024-12-10T12:00:00.000Z,U,,
SPXUSDT,PERPETUAL,TRADING,SPX,2024-12-10T12:00:00.000Z,B,,2024-10-29
VIRTUALUSDT,PERPETUAL,TRADING,VIRTUAL,2024-12-10T12:00:00.000Z,B,2025-04-11,2024-11-01
MEUSDT,PERPETUAL,TRADING,ME,2024-12-10T17:00:00.000Z,A,2024-12-10,2024-12-10
AVAUSDT,PERPETUAL,TRADING,AVA,2024-12-13T13:00:00.000Z,C,2020-11-24,2024-12-03
DEGOUSDT,PERPETUAL,SETTLING,DEGO,2024-12-13T13:00:00.000Z,U,,
VELODROMEUSDT,PERPETUAL,TRADING,VELODROME,2024-12-13T16:00:00.000Z,B,2024-12-13,2024-11-07
MOCAUSDT,PERPETUAL,TRADING,MOCA,2024-12-16T11:00:00.000Z,B,,2024-07-12
VANAUSDT,PERPETUAL,TRADING,VANA,2024-12-16T13:00:00.000Z,A,2024-12-16,2024-12-16
PENGUUSDT,PERPETUAL,TRADING,PENGU,2024-12-17T16:00:00.000Z,A,2024-12-17,2024-12-17
LUMIAUSDT,PERPETUAL,TRADING,LUMIA,2024-12-18T11:00:00.000Z,C,2024-10-18,2024-10-18
USUALUSDT,PERPETUAL,TRADING,USUAL,2024-12-18T13:00:00.000Z,A,2024-11-19,2024-12-18
AIXBTUSDT,PERPETUAL,TRADING,AIXBT,2024-12-20T18:00:00.000Z,B,2025-01-10,2024-12-03
FARTCOINUSDT,PERPETUAL,TRADING,FARTCOIN,2024-12-20T18:00:00.000Z,B,,2024-10-25
CGPTUSDT,PERPETUAL,TRADING,CGPT,2024-12-20T19:00:00.000Z,B,2025-01-10,2023-04-11
KMNOUSDT,PERPETUAL,TRADING,KMNO,2024-12-20T19:00:00.000Z,B,2025-05-06,2024-10-09
HIVEUSDT,PERPETUAL,TRADING,HIVE,2024-12-23T11:00:00.000Z,C,2020-04-27,2021-11-26
DEXEUSDT,PERPETUAL,TRADING,DEXE,2024-12-24T11:00:00.000Z,C,2021-07-23,2026-06-23
DFUSDT,PERPETUAL,SETTLING,DF,2024-12-30T11:00:00.000Z,U,,
PHAUSDT,PERPETUAL,TRADING,PHA,2024-12-30T11:00:00.000Z,C,2021-06-25,2024-05-31
AI16ZUSDT,PERPETUAL,SETTLING,AI16Z,2025-01-02T13:00:00.000Z,U,,
GRIFFAINUSDT,PERPETUAL,TRADING,GRIFFAIN,2025-01-02T13:00:00.000Z,B,,2024-12-16
ZEREBROUSDT,PERPETUAL,TRADING,ZEREBRO,2025-01-02T14:00:00.000Z,B,,2024-12-13
BIOUSDT,PERPETUAL,TRADING,BIO,2025-01-03T12:00:00.000Z,A,2025-01-03,2025-01-03
ALCHUSDT,PERPETUAL,TRADING,ALCH,2025-01-07T11:00:00.000Z,A,,2025-01-02
COOKIEUSDT,PERPETUAL,TRADING,COOKIE,2025-01-07T11:00:00.000Z,A,2025-01-10,2025-01-02
SWARMSUSDT,PERPETUAL,TRADING,SWARMS,2025-01-07T12:00:00.000Z,A,,2025-01-02
SONICUSDT,PERPETUAL,TRADING,SONIC,2025-01-08T07:00:00.000Z,A,,2025-01-07
DUSDT,PERPETUAL,SETTLING,D,2025-01-09T10:00:00.000Z,U,,
PROMUSDT,PERPETUAL,TRADING,PROM,2025-01-15T12:00:00.000Z,C,2023-03-17,2023-12-15
SUSDT,PERPETUAL,TRADING,S,2025-01-16T10:00:00.000Z,A,2025-01-16,2025-01-10
SOLVUSDT,PERPETUAL,TRADING,SOLV,2025-01-17T12:00:00.000Z,A,2025-01-17,2025-01-17
ARCUSDT,PERPETUAL,TRADING,ARC,2025-01-17T13:00:00.000Z,U,,
AVAAIUSDT,PERPETUAL,TRADING,AVAAI,2025-01-17T13:00:00.000Z,B,,2025-01-02
TRUMPUSDT,PERPETUAL,TRADING,TRUMP,2025-01-18T13:00:00.000Z,A,2025-01-19,2025-03-25
MELANIAUSDT,PERPETUAL,TRADING,MELANIA,2025-01-20T09:00:00.000Z,A,,2025-01-20
VTHOUSDT,PERPETUAL,TRADING,VTHO,2025-01-22T09:00:00.000Z,C,2020-07-17,2024-02-19
ANIMEUSDT,PERPETUAL,TRADING,ANIME,2025-01-23T17:00:00.000Z,A,2025-01-23,2025-01-23
PIPPINUSDT,PERPETUAL,TRADING,PIPPIN,2025-01-24T10:00:00.000Z,B,,2025-01-09
VINEUSDT,PERPETUAL,SETTLING,VINE,2025-01-24T10:00:00.000Z,A,,2025-01-23
VVVUSDT,PERPETUAL,TRADING,VVV,2025-01-29T08:00:00.000Z,A,,2025-01-28
BERAUSDT,PERPETUAL,TRADING,BERA,2025-02-06T15:00:00.000Z,A,2025-02-06,2025-02-06
TSTUSDT,PERPETUAL,TRADING,TST,2025-02-09T13:00:00.000Z,A,2025-02-09,2025-02-08
LAYERUSDT,PERPETUAL,TRADING,LAYER,2025-02-11T15:00:00.000Z,A,2025-02-11,2025-02-11
HEIUSDT,PERPETUAL,TRADING,HEI,2025-02-13T09:00:00.000Z,A,2025-02-13,2025-02-13
B3USDT,PERPETUAL,SETTLING,B3,2025-02-13T11:00:00.000Z,A,,2025-02-10
IPUSDT,PERPETUAL,SETTLING,IP,2025-02-13T17:00:00.000Z,U,,
GPSUSDT,PERPETUAL,TRADING,GPS,2025-02-17T17:00:00.000Z,B,2025-03-04,2025-01-16
SHELLUSDT,PERPETUAL,TRADING,SHELL,2025-02-17T17:00:00.000Z,A,2025-02-27,2025-02-13
KAITOUSDT,PERPETUAL,TRADING,KAITO,2025-02-20T13:00:00.000Z,A,2025-02-20,2025-02-20
IPUSDC,PERPETUAL,SETTLING,IP,2025-03-05T10:00:00.000Z,U,,
KAITOUSDC,PERPETUAL,TRADING,KAITO,2025-03-05T10:00:00.000Z,B,2025-02-20,2025-02-20
ADAUSDC,PERPETUAL,TRADING,ADA,2025-03-06T10:00:00.000Z,C,2018-04-17,2025-03-28
TRUMPUSDC,PERPETUAL,TRADING,TRUMP,2025-03-06T10:00:00.000Z,C,2025-01-19,2025-03-25
REDUSDT,PERPETUAL,TRADING,RED,2025-03-06T16:00:00.000Z,A,2025-02-28,2025-03-06
HBARUSDC,PERPETUAL,TRADING,HBAR,2025-03-07T10:00:00.000Z,C,2019-09-29,2025-03-26
PNUTUSDC,PERPETUAL,TRADING,PNUT,2025-03-07T10:00:00.000Z,C,2024-11-11,2024-11-06
VICUSDT,PERPETUAL,TRADING,VIC,2025-03-12T17:00:00.000Z,C,2023-11-24,2024-08-28
EPICUSDT,PERPETUAL,TRADING,EPIC,2025-03-13T08:00:00.000Z,A,2025-03-13,2025-03-13
BMTUSDT,PERPETUAL,TRADING,BMT,2025-03-17T13:00:00.000Z,A,2025-03-18,2025-03-11
MUBARAKUSDT,PERPETUAL,TRADING,MUBARAK,2025-03-17T13:00:00.000Z,A,2025-03-27,2025-03-15
FORMUSDT,PERPETUAL,TRADING,FORM,2025-03-19T08:00:00.000Z,A,2025-03-19,2025-03-19
BIDUSDT,PERPETUAL,SETTLING,BID,2025-03-20T09:00:00.000Z,U,,
TUTUSDT,PERPETUAL,TRADING,TUT,2025-03-20T09:00:00.000Z,A,2025-03-27,2025-03-18
BROCCOLI714USDT,PERPETUAL,TRADING,BROCCOLI714,2025-03-21T09:00:00.000Z,A,2025-03-27,
BROCCOLIF3BUSDT,PERPETUAL,TRADING,BROCCOLIF3B,2025-03-21T09:00:00.000Z,B,,2025-02-19
BRUSDT,PERPETUAL,TRADING,BR,2025-03-21T12:00:00.000Z,A,,2025-03-20
PLUMEUSDT,PERPETUAL,TRADING,PLUME,2025-03-21T13:00:00.000Z,B,2025-08-18,2025-01-21
BANANAS31USDT,PERPETUAL,TRADING,BANANAS31,2025-03-22T09:00:00.000Z,A,2025-03-27,2025-03-20
SIRENUSDT,PERPETUAL,TRADING,SIREN,2025-03-22T09:00:00.000Z,A,,2025-03-20
NILUSDT,PERPETUAL,TRADING,NIL,2025-03-24T13:00:00.000Z,A,2025-03-24,2025-03-24
PARTIUSDT,PERPETUAL,TRADING,PARTI,2025-03-25T13:00:00.000Z,A,2025-03-25,2025-03-25
JELLYJELLYUSDT,PERPETUAL,TRADING,JELLYJELLY,2025-03-26T16:00:00.000Z,B,,2025-01-30
MAVIAUSDT,PERPETUAL,TRADING,MAVIA,2025-03-26T17:00:00.000Z,B,,2024-02-08
PAXGUSDT,PERPETUAL,TRADING,PAXG,2025-03-27T10:00:00.000Z,C,2020-08-28,2025-11-06
WALUSDT,PERPETUAL,TRADING,WAL,2025-03-27T15:00:00.000Z,A,2025-10-10,2025-03-27
FUNUSDT,PERPETUAL,SETTLING,FUN,2025-03-31T08:00:00.000Z,U,,
MLNUSDT,PERPETUAL,SETTLING,MLN,2025-03-31T08:00:00.000Z,U,,
GUNUSDT,PERPETUAL,TRADING,GUN,2025-03-31T13:00:00.000Z,A,2025-03-31,2025-03-31
ATHUSDT,PERPETUAL,TRADING,ATH,2025-04-02T15:00:00.000Z,B,,2024-06-13
BABYUSDT,PERPETUAL,TRADING,BABY,2025-04-05T13:00:00.000Z,B,2025-04-10,2021-11-17
FORTHUSDT,PERPETUAL,SETTLING,FORTH,2025-04-08T08:00:00.000Z,U,,
PROMPTUSDT,PERPETUAL,TRADING,PROMPT,2025-04-11T06:00:00.000Z,A,,2025-04-10
XCNUSDT,PERPETUAL,SETTLING,XCN,2025-04-11T15:00:00.000Z,B,,2023-03-28
STOUSDT,PERPETUAL,TRADING,STO,2025-04-12T14:00:00.000Z,B,2025-05-02,2025-04-03
FHEUSDT,PERPETUAL,TRADING,FHE,2025-04-12T15:00:00.000Z,A,,2025-04-10
KERNELUSDT,PERPETUAL,TRADING,KERNEL,2025-04-14T12:00:00.000Z,A,2025-04-14,2025-04-14
WCTUSDT,PERPETUAL,TRADING,WCT,2025-04-15T11:00:00.000Z,A,2025-04-15,2025-04-15
INITUSDT,PERPETUAL,TRADING,INIT,2025-04-16T06:00:00.000Z,A,2025-04-24,2025-04-16
AERGOUSDT,PERPETUAL,TRADING,AERGO,2025-04-16T11:00:00.000Z,A,,2026-07-02
BANKUSDT,PERPETUAL,TRADING,BANK,2025-04-18T18:00:00.000Z,A,2025-11-13,2025-04-18
EPTUSDT,PERPETUAL,SETTLING,EPT,2025-04-21T13:00:00.000Z,U,,
DEEPUSDT,PERPETUAL,TRADING,DEEP,2025-04-22T08:00:00.000Z,B,,2024-10-14
HYPERUSDT,PERPETUAL,TRADING,HYPER,2025-04-22T13:00:00.000Z,A,2025-04-22,2025-04-22
FISUSDT,PERPETUAL,SETTLING,FIS,2025-04-25T07:00:00.000Z,U,,
MEMEFIUSDT,PERPETUAL,SETTLING,MEMEFI,2025-04-25T07:00:00.000Z,U,,
JSTUSDT,PERPETUAL,TRADING,JST,2025-04-28T09:00:00.000Z,C,2020-08-11,2022-02-04
SIGNUSDT,PERPETUAL,TRADING,SIGN,2025-04-28T11:00:00.000Z,A,2025-04-28,2025-04-28
CTKUSDT,PERPETUAL,TRADING,CTK,2025-04-30T10:00:00.000Z,C,2020-10-27,2020-11-19
PUNDIXUSDT,PERPETUAL,TRADING,PUNDIX,2025-04-30T10:00:00.000Z,C,2021-04-09,2022-09-14
AIOTUSDT,PERPETUAL,TRADING,AIOT,2025-04-30T12:00:00.000Z,A,,2025-04-25
DOLOUSDT,PERPETUAL,TRADING,DOLO,2025-05-01T03:00:00.000Z,A,2025-08-27,2025-04-24
HAEDALUSDT,PERPETUAL,TRADING,HAEDAL,2025-05-01T03:00:00.000Z,A,2025-05-21,2025-04-29
SXTUSDT,PERPETUAL,TRADING,SXT,2025-05-02T08:00:00.000Z,A,2025-05-08,2025-05-02
ALPINEUSDT,PERPETUAL,TRADING,ALPINE,2025-05-06T09:00:00.000Z,C,2022-02-21,2022-08-22
ASRUSDT,PERPETUAL,TRADING,ASR,2025-05-06T09:00:00.000Z,C,2020-12-30,2024-09-30
B2USDT,PERPETUAL,TRADING,B2,2025-05-06T13:00:00.000Z,A,,2025-04-30
MILKUSDT,PERPETUAL,SETTLING,MILK,2025-05-06T13:00:00.000Z,U,,
SYRUPUSDT,PERPETUAL,TRADING,SYRUP,2025-05-07T08:00:00.000Z,B,2025-05-06,2024-12-02
OBOLUSDT,PERPETUAL,SETTLING,OBOL,2025-05-07T10:00:00.000Z,U,,
DOODUSDT,PERPETUAL,TRADING,DOOD,2025-05-09T13:00:00.000Z,A,,2025-05-09
OGUSDT,PERPETUAL,TRADING,OG,2025-05-12T09:00:00.000Z,C,2020-12-30,2023-04-10
SKYAIUSDT,PERPETUAL,TRADING,SKYAI,2025-05-13T09:00:00.000Z,B,,2025-04-20
ZKJUSDT,PERPETUAL,SETTLING,ZKJ,2025-05-13T09:00:00.000Z,U,,
NXPCUSDT,PERPETUAL,TRADING,NXPC,2025-05-15T06:00:00.000Z,A,2025-05-15,2025-05-15
CVCUSDT,PERPETUAL,TRADING,CVC,2025-05-16T08:00:00.000Z,C,2019-08-27,2020-11-11
AGTUSDT,PERPETUAL,TRADING,AGT,2025-05-20T10:00:00.000Z,A,,2025-05-16
AWEUSDT,PERPETUAL,TRADING,AWE,2025-05-21T08:00:00.000Z,A,2025-05-21,2025-05-21
BUSDT,PERPETUAL,TRADING,B,2025-05-22T16:00:00.000Z,A,,2025-05-21
SOONUSDT,PERPETUAL,TRADING,SOON,2025-05-23T08:00:00.000Z,U,,
HUMAUSDT,PERPETUAL,TRADING,HUMA,2025-05-26T13:00:00.000Z,A,2025-05-26,2025-05-26
AUSDT,PERPETUAL,TRADING,A,2025-05-28T08:00:00.000Z,A,2025-05-28,2025-05-27
SOPHUSDT,PERPETUAL,TRADING,SOPH,2025-05-28T13:00:00.000Z,A,2025-05-28,2025-05-28
MERLUSDT,PERPETUAL,TRADING,MERL,2025-05-29T08:00:00.000Z,B,,2024-04-19
HYPEUSDT,PERPETUAL,TRADING,HYPE,2025-05-30T10:00:00.000Z,B,,2024-12-19
PORT3USDT,PERPETUAL,SETTLING,PORT3,2025-06-04T08:00:00.000Z,U,,
PUFFERUSDT,PERPETUAL,SETTLING,PUFFER,2025-06-04T08:00:00.000Z,B,,2024-10-14
1000000BOBUSDT,PERPETUAL,TRADING,1000000BOB,2025-06-05T08:00:00.000Z,U,,
LAUSDT,PERPETUAL,TRADING,LA,2025-06-05T09:00:00.000Z,A,2025-07-09,2025-06-04
SKATEUSDT,PERPETUAL,SETTLING,SKATE,2025-06-09T10:00:00.000Z,U,,
HOMEUSDT,PERPETUAL,TRADING,HOME,2025-06-10T11:00:00.000Z,A,2025-06-12,2025-06-10
RESOLVUSDT,PERPETUAL,TRADING,RESOLV,2025-06-10T13:00:00.000Z,A,2025-06-11,2025-06-10
SQDUSDT,PERPETUAL,TRADING,SQD,2025-06-11T12:00:00.000Z,B,,2025-01-16
TAIKOUSDT,PERPETUAL,TRADING,TAIKO,2025-06-11T12:00:00.000Z,B,,2024-06-05
PUMPBTCUSDT,PERPETUAL,TRADING,PUMPBTC,2025-06-13T10:00:00.000Z,A,,2025-06-10
AAVEUSDC,PERPETUAL,TRADING,AAVE,2025-06-16T08:00:00.000Z,C,2020-10-15,2025-05-26
UNIUSDC,PERPETUAL,TRADING,UNI,2025-06-16T08:00:00.000Z,C,2020-09-17,2025-05-26
SPKUSDT,PERPETUAL,TRADING,SPK,2025-06-17T09:00:00.000Z,A,2025-06-17,2025-06-17
FUSDT,PERPETUAL,TRADING,F,2025-06-18T12:00:00.000Z,B,2025-10-25,2024-12-06
MYXUSDT,PERPETUAL,TRADING,MYX,2025-06-18T12:00:00.000Z,B,,2025-05-06
NEWTUSDT,PERPETUAL,TRADING,NEWT,2025-06-19T14:00:00.000Z,A,2025-06-24,2025-06-19
DMCUSDT,PERPETUAL,SETTLING,DMC,2025-06-24T13:00:00.000Z,U,,
HUSDT,PERPETUAL,TRADING,H,2025-06-25T09:00:00.000Z,A,,2025-06-25
OLUSDT,PERPETUAL,SETTLING,OL,2025-06-25T11:00:00.000Z,B,,2024-11-19
SAHARAUSDT,PERPETUAL,TRADING,SAHARA,2025-06-26T12:00:00.000Z,A,2025-06-26,2025-06-26
ICNTUSDT,PERPETUAL,TRADING,ICNT,2025-07-03T13:00:00.000Z,A,,2025-07-03
BULLAUSDT,PERPETUAL,TRADING,BULLA,2025-07-04T09:00:00.000Z,B,,2025-06-06
IDOLUSDT,PERPETUAL,TRADING,IDOL,2025-07-04T09:00:00.000Z,B,,2025-06-11
MUSDT,PERPETUAL,TRADING,M,2025-07-07T09:00:00.000Z,A,,2025-07-03
TANSSIUSDT,PERPETUAL,SETTLING,TANSSI,2025-07-09T11:00:00.000Z,U,,
PUMPUSDT,PERPETUAL,TRADING,PUMP,2025-07-10T07:00:00.000Z,A,2025-09-11,
AINUSDT,PERPETUAL,TRADING,AIN,2025-07-10T10:00:00.000Z,A,,2025-07-05
CROSSUSDT,PERPETUAL,TRADING,CROSS,2025-07-10T10:00:00.000Z,A,,2025-07-04
CUSDT,PERPETUAL,TRADING,C,2025-07-15T09:00:00.000Z,A,2025-07-18,2025-07-15
VELVETUSDT,PERPETUAL,TRADING,VELVET,2025-07-15T09:00:00.000Z,A,,2025-07-10
TACUSDT,PERPETUAL,TRADING,TAC,2025-07-15T10:00:00.000Z,A,,2025-07-15
ERAUSDT,PERPETUAL,TRADING,ERA,2025-07-17T15:00:00.000Z,A,2025-07-17,2025-07-17
TAUSDT,PERPETUAL,TRADING,TA,2025-07-21T07:00:00.000Z,A,,2025-07-21
PENGUUSDC,PERPETUAL,TRADING,PENGU,2025-07-23T07:00:00.000Z,C,2024-12-17,2024-12-17
CVXUSDT,PERPETUAL,TRADING,CVX,2025-07-23T11:00:00.000Z,C,2021-12-23,2022-10-27
SLPUSDT,PERPETUAL,TRADING,SLP,2025-07-23T11:00:00.000Z,C,2021-04-30,2021-07-13
TAGUSDT,PERPETUAL,TRADING,TAG,2025-07-25T11:00:00.000Z,B,,2025-06-09
ZORAUSDT,PERPETUAL,TRADING,ZORA,2025-07-25T11:00:00.000Z,B,,2025-04-23
ZRCUSDT,PERPETUAL,SETTLING,ZRC,2025-07-29T09:00:00.000Z,U,,
ESPORTSUSDT,PERPETUAL,TRADING,ESPORTS,2025-07-29T10:00:00.000Z,B,,2025-07-19
TREEUSDT,PERPETUAL,TRADING,TREE,2025-07-29T14:00:00.000Z,A,2025-07-29,2025-07-29
A2ZUSDT,PERPETUAL,SETTLING,A2Z,2025-07-30T08:00:00.000Z,U,,
PLAYUSDT,PERPETUAL,TRADING,PLAY,2025-07-31T09:00:00.000Z,A,,2025-07-31
NAORISUSDT,PERPETUAL,TRADING,NAORIS,2025-07-31T12:00:00.000Z,A,,2025-07-31
TOWNSUSDT,PERPETUAL,TRADING,TOWNS,2025-08-05T14:00:00.000Z,A,2025-08-05,2025-08-05
PROVEUSDT,PERPETUAL,TRADING,PROVE,2025-08-05T17:00:00.000Z,A,2025-08-05,2025-08-05
ALLUSDT,PERPETUAL,TRADING,ALL,2025-08-06T09:00:00.000Z,A,,2025-08-06
INUSDT,PERPETUAL,TRADING,IN,2025-08-07T10:00:00.000Z,A,,2025-08-07
CARVUSDT,PERPETUAL,TRADING,CARV,2025-08-07T16:00:00.000Z,B,,2024-10-13
YALAUSDT,PERPETUAL,SETTLING,YALA,2025-08-07T16:00:00.000Z,U,,
AIOUSDT,PERPETUAL,TRADING,AIO,2025-08-13T11:00:00.000Z,A,,2025-08-13
XNYUSDT,PERPETUAL,TRADING,XNY,2025-08-13T11:00:00.000Z,B,,2025-07-23
USELESSUSDT,PERPETUAL,TRADING,USELESS,2025-08-15T12:00:00.000Z,B,,2025-05-12
DAMUSDT,PERPETUAL,SETTLING,DAM,2025-08-18T12:00:00.000Z,U,,
CUDISUSDT,PERPETUAL,SETTLING,CUDIS,2025-08-20T11:00:00.000Z,U,,
SAPIENUSDT,PERPETUAL,TRADING,SAPIEN,2025-08-20T17:00:00.000Z,A,2025-11-06,2025-08-20
XPLUSDT,PERPETUAL,TRADING,XPL,2025-08-22T09:00:00.000Z,A,2025-09-25,2025-08-22
WLFIUSDT,PERPETUAL,TRADING,WLFI,2025-08-23T08:00:00.000Z,A,2025-09-01,2025-08-23
BIOUSDC,PERPETUAL,TRADING,BIO,2025-08-25T07:00:00.000Z,C,2025-01-03,2025-01-03
SOMIUSDT,PERPETUAL,TRADING,SOMI,2025-08-25T09:00:00.000Z,A,2025-09-02,2025-08-25
BASUSDT,PERPETUAL,TRADING,BAS,2025-08-26T13:00:00.000Z,A,,2025-08-21
BTRUSDT,PERPETUAL,TRADING,BTR,2025-08-27T10:00:00.000Z,A,,2025-08-27
MITOUSDT,PERPETUAL,TRADING,MITO,2025-08-28T16:00:00.000Z,A,2025-08-29,2025-08-28
HEMIUSDT,PERPETUAL,TRADING,HEMI,2025-08-29T04:00:00.000Z,A,2025-09-23,2025-08-29
LINEAUSDT,PERPETUAL,TRADING,LINEA,2025-09-01T08:00:00.000Z,A,2025-09-10,2025-09-01
QUSDT,PERPETUAL,TRADING,Q,2025-09-02T07:00:00.000Z,A,,2025-09-02
ARIAUSDT,PERPETUAL,TRADING,ARIA,2025-09-03T11:00:00.000Z,B,,2025-08-21
TAKEUSDT,PERPETUAL,TRADING,TAKE,2025-09-03T11:00:00.000Z,B,,2025-08-25
PTBUSDT,PERPETUAL,TRADING,PTB,2025-09-03T12:00:00.000Z,A,,2025-09-03
WLFIUSDC,PERPETUAL,TRADING,WLFI,2025-09-08T08:00:00.000Z,B,2025-09-01,2025-08-23
OPENUSDT,PERPETUAL,TRADING,OPEN,2025-09-08T13:00:00.000Z,A,2025-09-08,
FLOCKUSDT,PERPETUAL,TRADING,FLOCK,2025-09-09T06:00:00.000Z,B,,2024-12-31
SKYUSDT,PERPETUAL,TRADING,SKY,2025-09-09T07:00:00.000Z,B,2025-09-17,2025-08-20
AVNTUSDT,PERPETUAL,TRADING,AVNT,2025-09-09T15:00:00.000Z,A,2025-09-15,2025-09-09
HOLOUSDT,PERPETUAL,TRADING,HOLO,2025-09-11T12:00:00.000Z,A,2025-09-11,2025-09-11
XPINUSDT,PERPETUAL,TRADING,XPIN,2025-09-12T08:00:00.000Z,B,,2025-09-03
UBUSDT,PERPETUAL,TRADING,UB,2025-09-12T10:00:00.000Z,A,,2025-09-12
ZKCUSDT,PERPETUAL,TRADING,ZKC,2025-09-15T14:00:00.000Z,A,2025-09-15,2025-09-15
STBLUSDT,PERPETUAL,TRADING,STBL,2025-09-17T05:00:00.000Z,A,,2025-09-16
TOSHIUSDT,PERPETUAL,TRADING,TOSHI,2025-09-17T05:00:00.000Z,B,,2024-11-28
0GUSDT,PERPETUAL,TRADING,0G,2025-09-17T15:00:00.000Z,A,2025-09-22,2025-09-17
BARDUSDT,PERPETUAL,TRADING,BARD,2025-09-18T11:00:00.000Z,A,2025-09-18,2025-09-18
ASTERUSDT,PERPETUAL,TRADING,ASTER,2025-09-19T12:00:00.000Z,A,2025-10-06,2025-09-19
TRADOORUSDT,PERPETUAL,TRADING,TRADOOR,2025-09-19T12:00:00.000Z,B,,2025-09-04
BLESSUSDT,PERPETUAL,TRADING,BLESS,2025-09-23T09:00:00.000Z,A,,2025-09-23
FLUIDUSDT,PERPETUAL,TRADING,FLUID,2025-09-24T10:00:00.000Z,A,,2025-09-24
COAIUSDT,PERPETUAL,TRADING,COAI,2025-09-25T07:00:00.000Z,A,,2025-09-25
HANAUSDT,PERPETUAL,TRADING,HANA,2025-09-26T11:00:00.000Z,A,,2025-09-26
AKEUSDT,PERPETUAL,TRADING,AKE,2025-09-26T12:00:00.000Z,B,,2025-08-21
MIRAUSDT,PERPETUAL,TRADING,MIRA,2025-09-26T12:00:00.000Z,A,2025-09-26,2025-09-26
ORDERUSDT,PERPETUAL,TRADING,ORDER,2025-09-26T12:00:00.000Z,B,,2024-08-26
LIGHTUSDT,PERPETUAL,TRADING,LIGHT,2025-09-27T11:00:00.000Z,A,,2025-09-27
XANUSDT,PERPETUAL,TRADING,XAN,2025-09-29T10:00:00.000Z,A,,2025-09-29
FFUSDT,PERPETUAL,TRADING,FF,2025-09-29T13:00:00.000Z,A,2025-09-29,2025-09-29
EDENUSDT,PERPETUAL,TRADING,EDEN,2025-09-30T11:00:00.000Z,B,2025-09-30,2021-10-26
VFYUSDT,PERPETUAL,SETTLING,VFY,2025-09-30T12:00:00.000Z,U,,
NOMUSDT,PERPETUAL,TRADING,NOM,2025-10-01T08:00:00.000Z,A,2025-10-01,2025-10-01
TRUTHUSDT,PERPETUAL,TRADING,TRUTH,2025-10-01T12:00:00.000Z,A,,2025-10-01
2ZUSDT,PERPETUAL,TRADING,2Z,2025-10-02T12:00:00.000Z,A,2025-10-02,2025-10-02
EVAAUSDT,PERPETUAL,TRADING,EVAA,2025-10-03T10:00:00.000Z,A,,2025-10-03
LYNUSDT,PERPETUAL,TRADING,LYN,2025-10-06T07:00:00.000Z,A,,2025-10-06
KGENUSDT,PERPETUAL,TRADING,KGEN,2025-10-07T14:00:00.000Z,A,,2025-10-07
4USDT,PERPETUAL,TRADING,4,2025-10-08T11:00:00.000Z,A,,2025-10-02
GIGGLEUSDT,PERPETUAL,TRADING,GIGGLE,2025-10-09T09:00:00.000Z,B,2025-10-25,2025-09-22
MONUSDT,PERPETUAL,TRADING,MON,2025-10-10T07:00:00.000Z,U,,
YBUSDT,PERPETUAL,TRADING,YB,2025-10-10T14:00:00.000Z,A,2025-10-15,2025-10-10
METUSDT,PERPETUAL,TRADING,MET,2025-10-11T12:00:00.000Z,A,2025-11-13,2025-10-10
EULUSDT,PERPETUAL,TRADING,EUL,2025-10-13T14:00:00.000Z,B,2025-10-13,2025-09-05
ENSOUSDT,PERPETUAL,TRADING,ENSO,2025-10-14T09:00:00.000Z,A,2025-10-14,2025-10-14
CLOUSDT,PERPETUAL,TRADING,CLO,2025-10-14T11:00:00.000Z,A,,2025-10-14
RECALLUSDT,PERPETUAL,TRADING,RECALL,2025-10-15T12:00:00.000Z,A,,2025-10-15
ZBTUSDT,PERPETUAL,TRADING,ZBT,2025-10-17T11:00:00.000Z,A,2025-10-17,2025-10-17
LABUSDT,PERPETUAL,TRADING,LAB,2025-10-17T14:00:00.000Z,A,,2025-10-15
RIVERUSDT,PERPETUAL,TRADING,RIVER,2025-10-17T14:00:00.000Z,B,,2025-09-22
RVVUSDT,PERPETUAL,SETTLING,RVV,2025-10-18T13:00:00.000Z,U,,
币安人生USDT,PERPETUAL,TRADING,币安人生,2025-10-20T11:00:00.000Z,A,2026-01-07,
BLUAIUSDT,PERPETUAL,TRADING,BLUAI,2025-10-21T11:00:00.000Z,A,,2025-10-21
TURTLEUSDT,PERPETUAL,TRADING,TURTLE,2025-10-22T15:00:00.000Z,A,2025-10-22,2025-10-22
APRUSDT,PERPETUAL,TRADING,APR,2025-10-23T10:00:00.000Z,A,,2025-10-23
ONUSDT,PERPETUAL,TRADING,ON,2025-10-24T08:00:00.000Z,A,,2025-10-24
42USDT,PERPETUAL,SETTLING,42,2025-10-27T10:00:00.000Z,U,,
COMMONUSDT,PERPETUAL,SETTLING,COMMON,2025-10-27T12:00:00.000Z,U,,
KITEUSDT,PERPETUAL,TRADING,KITE,2025-10-29T10:00:00.000Z,A,2025-11-03,2025-10-29
ATUSDT,PERPETUAL,TRADING,AT,2025-10-29T11:00:00.000Z,A,2025-11-27,2025-10-24
CCUSDT,PERPETUAL,TRADING,CC,2025-10-31T12:00:00.000Z,A,,2025-10-31
MMTUSDT,PERPETUAL,TRADING,MMT,2025-11-04T12:00:00.000Z,B,2025-11-04,2025-10-27
TRUSTUSDT,PERPETUAL,TRADING,TRUST,2025-11-05T09:00:00.000Z,A,,2025-11-05
UAIUSDT,PERPETUAL,TRADING,UAI,2025-11-06T11:00:00.000Z,A,,2025-11-06
FOLKSUSDT,PERPETUAL,TRADING,FOLKS,2025-11-06T12:00:00.000Z,A,,2025-11-06
STABLEUSDT,PERPETUAL,TRADING,STABLE,2025-11-06T12:00:00.000Z,A,,2025-11-06
JCTUSDT,PERPETUAL,TRADING,JCT,2025-11-10T10:00:00.000Z,A,,2025-11-10
ALLOUSDT,PERPETUAL,TRADING,ALLO,2025-11-11T14:00:00.000Z,A,2025-11-11,2025-11-11
BEATUSDT,PERPETUAL,TRADING,BEAT,2025-11-12T12:00:00.000Z,B,,2025-11-01
CLANKERUSDT,PERPETUAL,TRADING,CLANKER,2025-11-12T12:00:00.000Z,B,,2024-11-28
PIEVERSEUSDT,PERPETUAL,TRADING,PIEVERSE,2025-11-14T11:00:00.000Z,A,,2025-11-14
SENTUSDT,PERPETUAL,TRADING,SENT,2025-11-14T12:00:00.000Z,A,2026-01-22,2025-11-14
ZECUSDC,PERPETUAL,TRADING,ZEC,2025-11-19T10:00:00.000Z,C,2019-03-21,2025-11-20
BOBUSDT,PERPETUAL,SETTLING,BOB,2025-11-21T10:00:00.000Z,U,,
IRYSUSDT,PERPETUAL,TRADING,IRYS,2025-11-26T16:00:00.000Z,A,,2025-11-25
RLSUSDT,PERPETUAL,SETTLING,RLS,2025-12-02T10:00:00.000Z,A,,2025-12-01
POWERUSDT,PERPETUAL,TRADING,POWER,2025-12-06T09:00:00.000Z,A,,2025-12-05
WETUSDT,PERPETUAL,TRADING,WET,2025-12-10T07:00:00.000Z,A,,2025-12-04
NIGHTUSDT,PERPETUAL,TRADING,NIGHT,2025-12-10T11:00:00.000Z,A,2026-03-11,2025-12-09
XAUUSDT,TRADIFI_PERPETUAL,TRADING,XAU,2025-12-11T08:00:00.000Z,D,,2026-05-27
USUSDT,PERPETUAL,TRADING,US,2025-12-12T10:00:00.000Z,A,,2025-12-11
CYSUSDT,PERPETUAL,TRADING,CYS,2025-12-12T11:00:00.000Z,A,,2025-12-11
RAVEUSDT,PERPETUAL,TRADING,RAVE,2025-12-14T15:00:00.000Z,A,,2025-12-12
GUAUSDT,PERPETUAL,TRADING,GUA,2025-12-21T10:00:00.000Z,B,,2025-11-27
IRUSDT,PERPETUAL,SETTLING,IR,2025-12-21T10:00:00.000Z,U,,
ZKPUSDT,PERPETUAL,TRADING,ZKP,2025-12-21T10:00:00.000Z,A,2026-01-07,2025-12-19
LITUSDT,PERPETUAL,TRADING,LIT,2025-12-23T17:00:00.000Z,B,,2021-02-18
BREVUSDT,PERPETUAL,TRADING,BREV,2025-12-30T10:00:00.000Z,A,2026-01-06,2025-12-30
COLLECTUSDT,PERPETUAL,TRADING,COLLECT,2025-12-31T13:00:00.000Z,A,,2025-12-29
MAGMAUSDT,PERPETUAL,TRADING,MAGMA,2025-12-31T13:00:00.000Z,B,,2025-12-16
XAGUSDT,TRADIFI_PERPETUAL,TRADING,XAG,2026-01-07T10:00:00.000Z,D,,
ZAMAUSDT,PERPETUAL,TRADING,ZAMA,2026-01-09T09:00:00.000Z,A,2026-02-02,2026-01-09
FOGOUSDT,PERPETUAL,TRADING,FOGO,2026-01-10T14:00:00.000Z,A,2026-01-15,2026-01-10
FRAXUSDT,PERPETUAL,TRADING,FRAX,2026-01-15T08:00:00.000Z,A,2026-01-15,2026-01-15
SPORTFUNUSDT,PERPETUAL,TRADING,SPORTFUN,2026-01-16T13:00:00.000Z,A,,2026-01-15
AIAUSDT,PERPETUAL,TRADING,AIA,2026-01-20T11:00:00.000Z,A,,2026-01-20
ACUUSDT,PERPETUAL,TRADING,ACU,2026-01-21T12:00:00.000Z,A,,2026-01-20
我踏马来了USDT,PERPETUAL,TRADING,我踏马来了,2026-01-21T14:00:00.000Z,U,,
ELSAUSDT,PERPETUAL,TRADING,ELSA,2026-01-22T07:00:00.000Z,A,,2026-01-20
SKRUSDT,PERPETUAL,TRADING,SKR,2026-01-22T10:00:00.000Z,A,,2026-01-20
SPACEUSDT,PERPETUAL,TRADING,SPACE,2026-01-23T11:00:00.000Z,A,,2026-01-23
FIGHTUSDT,PERPETUAL,TRADING,FIGHT,2026-01-23T12:00:00.000Z,A,,2026-01-22
TSLAUSDT,TRADIFI_PERPETUAL,TRADING,TSLA,2026-01-28T14:00:00.000Z,D,,
BIRBUSDT,PERPETUAL,TRADING,BIRB,2026-01-29T05:00:00.000Z,A,,2026-01-28
GWEIUSDT,PERPETUAL,TRADING,GWEI,2026-01-29T05:00:00.000Z,B,,2026-01-21
XPDUSDT,TRADIFI_PERPETUAL,TRADING,XPD,2026-01-30T10:00:00.000Z,D,,2026-02-02
XPTUSDT,TRADIFI_PERPETUAL,TRADING,XPT,2026-01-30T10:00:00.000Z,D,,2026-02-02
MEGAUSDT,PERPETUAL,TRADING,MEGA,2026-01-30T12:00:00.000Z,B,2026-04-30,2025-10-22
INXUSDT,PERPETUAL,TRADING,INX,2026-01-30T19:00:00.000Z,A,,2026-01-30
HOODUSDT,TRADIFI_PERPETUAL,TRADING,HOOD,2026-02-02T14:00:00.000Z,D,,
INTCUSDT,TRADIFI_PERPETUAL,TRADING,INTC,2026-02-02T14:00:00.000Z,D,,
TRIAUSDT,PERPETUAL,TRADING,TRIA,2026-02-06T12:00:00.000Z,A,,2026-02-03
AMZNUSDT,TRADIFI_PERPETUAL,TRADING,AMZN,2026-02-09T14:00:00.000Z,D,,
CRCLUSDT,TRADIFI_PERPETUAL,TRADING,CRCL,2026-02-09T14:00:00.000Z,D,,
MSTRUSDT,TRADIFI_PERPETUAL,TRADING,MSTR,2026-02-09T14:00:00.000Z,D,,
COINUSDT,TRADIFI_PERPETUAL,TRADING,COIN,2026-02-09T15:00:00.000Z,D,,
PLTRUSDT,TRADIFI_PERPETUAL,TRADING,PLTR,2026-02-09T15:00:00.000Z,D,,
ESPUSDT,PERPETUAL,TRADING,ESP,2026-02-10T08:00:00.000Z,A,2026-02-12,2026-02-10
AZTECUSDT,PERPETUAL,TRADING,AZTEC,2026-02-11T04:00:00.000Z,A,,2026-02-11
OPNUSDT,PERPETUAL,TRADING,OPN,2026-02-21T15:00:00.000Z,B,2026-03-05,2026-02-11
ROBOUSDT,PERPETUAL,TRADING,ROBO,2026-02-27T08:00:00.000Z,A,2026-03-04,2026-02-25
KATUSDT,PERPETUAL,TRADING,KAT,2026-03-02T05:00:00.000Z,A,2026-03-18,2026-03-02
MANTRAUSDT,PERPETUAL,TRADING,MANTRA,2026-03-04T08:00:00.000Z,A,2026-03-04,2026-03-04
COPPERUSDT,TRADIFI_PERPETUAL,TRADING,COPPER,2026-03-06T09:00:00.000Z,D,,2026-01-29
龙虾USDT,PERPETUAL,TRADING,龙虾,2026-03-11T11:00:00.000Z,U,,
CFGUSDT,PERPETUAL,TRADING,CFG,2026-03-16T13:00:00.000Z,B,2026-03-16,2026-02-26
EWYUSDT,TRADIFI_PERPETUAL,TRADING,EWY,2026-03-16T13:00:00.000Z,D,,2026-03-16
EWJUSDT,TRADIFI_PERPETUAL,TRADING,EWJ,2026-03-19T13:00:00.000Z,D,,2026-03-17
EDGEUSDT,PERPETUAL,TRADING,EDGE,2026-03-19T14:00:00.000Z,A,,2026-03-19
PAYPUSDT,TRADIFI_PERPETUAL,TRADING,PAYP,2026-03-23T14:00:00.000Z,D,,
BSBUSDT,PERPETUAL,TRADING,BSB,2026-03-25T11:00:00.000Z,B,,2026-03-04
GOOGLUSDT,TRADIFI_PERPETUAL,TRADING,GOOGL,2026-03-26T14:00:00.000Z,D,,
METAUSDT,TRADIFI_PERPETUAL,TRADING,META,2026-03-26T14:00:00.000Z,D,,
NVDAUSDT,TRADIFI_PERPETUAL,TRADING,NVDA,2026-03-26T14:00:00.000Z,D,,
XAUTUSDT,PERPETUAL,TRADING,XAUT,2026-03-26T14:00:00.000Z,B,2026-03-26,2025-02-03
BASEDUSDT,PERPETUAL,TRADING,BASED,2026-03-30T10:00:00.000Z,A,,2026-03-30
BZUSDT,TRADIFI_PERPETUAL,TRADING,BZ,2026-04-01T09:00:00.000Z,D,,
CLUSDT,TRADIFI_PERPETUAL,TRADING,CL,2026-04-01T09:00:00.000Z,D,,
NATGASUSDT,TRADIFI_PERPETUAL,TRADING,NATGAS,2026-04-01T09:00:00.000Z,D,,
PRLUSDT,PERPETUAL,TRADING,PRL,2026-04-01T10:00:00.000Z,B,,2026-03-25
AAPLUSDT,TRADIFI_PERPETUAL,TRADING,AAPL,2026-04-06T13:00:00.000Z,D,,
QQQUSDT,TRADIFI_PERPETUAL,TRADING,QQQ,2026-04-06T13:00:00.000Z,D,,
SPYUSDT,TRADIFI_PERPETUAL,TRADING,SPY,2026-04-06T13:00:00.000Z,D,,2026-07-09
TSMUSDT,TRADIFI_PERPETUAL,TRADING,TSM,2026-04-06T14:00:00.000Z,D,,
MUUSDT,TRADIFI_PERPETUAL,TRADING,MU,2026-04-07T13:00:00.000Z,D,,
SNDKUSDT,TRADIFI_PERPETUAL,TRADING,SNDK,2026-04-07T13:00:00.000Z,D,,
GENIUSUSDT,PERPETUAL,TRADING,GENIUS,2026-04-16T03:00:00.000Z,A,2026-05-22,2026-04-14
CHIPUSDT,PERPETUAL,TRADING,CHIP,2026-04-16T07:00:00.000Z,A,2026-04-21,2026-04-16
AVGOUSDT,TRADIFI_PERPETUAL,TRADING,AVGO,2026-04-20T13:00:00.000Z,D,,
BABAUSDT,TRADIFI_PERPETUAL,TRADING,BABA,2026-04-20T13:00:00.000Z,D,,
MSFTUSDT,TRADIFI_PERPETUAL,TRADING,MSFT,2026-04-20T13:00:00.000Z,D,,
OPGUSDT,PERPETUAL,TRADING,OPG,2026-04-22T15:00:00.000Z,A,2026-05-22,2026-04-21
AIGENSYNUSDT,PERPETUAL,TRADING,AIGENSYN,2026-04-29T14:00:00.000Z,A,2026-05-14,2026-04-29
AMDUSDT,TRADIFI_PERPETUAL,TRADING,AMD,2026-05-06T13:00:00.000Z,D,,
QCOMUSDT,TRADIFI_PERPETUAL,TRADING,QCOM,2026-05-06T13:00:00.000Z,D,,
USARUSDT,TRADIFI_PERPETUAL,TRADING,USAR,2026-05-06T13:00:00.000Z,D,,
BILLUSDT,PERPETUAL,TRADING,BILL,2026-05-07T08:00:00.000Z,A,,2026-05-04
PHAROSUSDT,PERPETUAL,TRADING,PHAROS,2026-05-14T05:00:00.000Z,B,,2026-04-28
STARUSDT,PERPETUAL,TRADING,STAR,2026-05-14T05:00:00.000Z,A,,2026-05-14
CSCOUSDT,TRADIFI_PERPETUAL,TRADING,CSCO,2026-05-15T13:00:00.000Z,D,,
DISUSDT,TRADIFI_PERPETUAL,TRADING,DIS,2026-05-15T13:00:00.000Z,D,,
HDUSDT,TRADIFI_PERPETUAL,TRADING,HD,2026-05-15T13:00:00.000Z,D,,
LITEUSDT,TRADIFI_PERPETUAL,TRADING,LITE,2026-05-15T13:00:00.000Z,D,,
ORCLUSDT,TRADIFI_PERPETUAL,TRADING,ORCL,2026-05-15T13:00:00.000Z,D,,
UBERUSDT,TRADIFI_PERPETUAL,TRADING,UBER,2026-05-15T13:00:00.000Z,D,,
MRVLUSDT,TRADIFI_PERPETUAL,TRADING,MRVL,2026-05-15T14:00:00.000Z,D,,
SOXLUSDT,TRADIFI_PERPETUAL,TRADING,SOXL,2026-05-15T14:00:00.000Z,D,,2026-06-10
BTCUSD1,PERPETUAL,TRADING,BTC,2026-05-18T09:00:00.000Z,C,2017-08-17,2025-03-24
BRKBUSDT,TRADIFI_PERPETUAL,TRADING,BRKB,2026-05-18T13:00:00.000Z,D,,
CRWVUSDT,TRADIFI_PERPETUAL,TRADING,CRWV,2026-05-18T13:00:00.000Z,D,,
FLNCUSDT,TRADIFI_PERPETUAL,TRADING,FLNC,2026-05-18T13:00:00.000Z,D,,
JPMUSDT,TRADIFI_PERPETUAL,TRADING,JPM,2026-05-18T13:00:00.000Z,D,,
VUSDT,TRADIFI_PERPETUAL,TRADING,V,2026-05-18T13:00:00.000Z,D,,
WMTUSDT,TRADIFI_PERPETUAL,TRADING,WMT,2026-05-18T13:00:00.000Z,D,,
DRAMUSDT,TRADIFI_PERPETUAL,TRADING,DRAM,2026-05-18T14:00:00.000Z,D,,2026-05-08
RKLBUSDT,TRADIFI_PERPETUAL,TRADING,RKLB,2026-05-18T14:00:00.000Z,D,,
CBRSUSDT,TRADIFI_PERPETUAL,TRADING,CBRS,2026-05-19T09:00:00.000Z,D,,
SPCXUSDT,TRADIFI_PERPETUAL,TRADING,SPCX,2026-05-21T04:00:00.000Z,D,,
OPENAIUSDT,TRADIFI_PERPETUAL,TRADING,OPENAI,2026-05-26T08:00:00.000Z,D,,2026-04-14
ARMUSDT,TRADIFI_PERPETUAL,TRADING,ARM,2026-05-26T13:00:00.000Z,D,,
BEUSDT,TRADIFI_PERPETUAL,TRADING,BE,2026-05-26T13:00:00.000Z,D,,
COHRUSDT,TRADIFI_PERPETUAL,TRADING,COHR,2026-05-26T13:00:00.000Z,D,,
NBISUSDT,TRADIFI_PERPETUAL,TRADING,NBIS,2026-05-26T13:00:00.000Z,D,,
WDCUSDT,TRADIFI_PERPETUAL,TRADING,WDC,2026-05-26T13:00:00.000Z,D,,
CTRUSDT,PERPETUAL,TRADING,CTR,2026-05-28T09:00:00.000Z,A,,2026-05-26
QNTXUSDT,TRADIFI_PERPETUAL,TRADING,QNTX,2026-05-29T08:00:00.000Z,D,,
SLXUSDT,PERPETUAL,TRADING,SLX,2026-06-01T07:00:00.000Z,A,,2026-05-25
ASTSUSDT,TRADIFI_PERPETUAL,TRADING,ASTS,2026-06-01T13:00:00.000Z,D,,
BBXUSDT,TRADIFI_PERPETUAL,TRADING,BBX,2026-06-01T13:00:00.000Z,D,,
EWTUSDT,TRADIFI_PERPETUAL,TRADING,EWT,2026-06-01T13:00:00.000Z,D,,2026-06-01
LLYUSDT,TRADIFI_PERPETUAL,TRADING,LLY,2026-06-01T13:00:00.000Z,D,,
NOKUSDT,TRADIFI_PERPETUAL,TRADING,NOK,2026-06-01T13:00:00.000Z,D,,
NVOUSDT,TRADIFI_PERPETUAL,TRADING,NVO,2026-06-01T13:00:00.000Z,D,,
HYUNDAIUSDT,TRADIFI_PERPETUAL,TRADING,HYUNDAI,2026-06-02T03:00:00.000Z,D,,
SAMSUNGUSDT,TRADIFI_PERPETUAL,TRADING,SAMSUNG,2026-06-02T03:00:00.000Z,D,,
SKHYNIXUSDT,TRADIFI_PERPETUAL,TRADING,SKHYNIX,2026-06-02T03:00:00.000Z,D,,
ANTHROPICUSDT,TRADIFI_PERPETUAL,TRADING,ANTHROPIC,2026-06-02T04:00:00.000Z,D,,2026-04-14
CRMUSDT,TRADIFI_PERPETUAL,TRADING,CRM,2026-06-03T09:00:00.000Z,D,,
DELLUSDT,TRADIFI_PERPETUAL,TRADING,DELL,2026-06-03T09:00:00.000Z,D,,
IBMUSDT,TRADIFI_PERPETUAL,TRADING,IBM,2026-06-03T09:00:00.000Z,D,,
IRENUSDT,TRADIFI_PERPETUAL,TRADING,IREN,2026-06-03T09:00:00.000Z,D,,
NOWUSDT,TRADIFI_PERPETUAL,TRADING,NOW,2026-06-03T09:00:00.000Z,D,,
ONDSUSDT,TRADIFI_PERPETUAL,TRADING,ONDS,2026-06-03T09:00:00.000Z,D,,
BTWUSDT,PERPETUAL,TRADING,BTW,2026-06-04T14:00:00.000Z,B,,2026-03-02
ZESTUSDT,PERPETUAL,TRADING,ZEST,2026-06-04T14:00:00.000Z,B,,2026-05-19
AAOIUSDT,TRADIFI_PERPETUAL,TRADING,AAOI,2026-06-08T09:00:00.000Z,D,,
AMATUSDT,TRADIFI_PERPETUAL,TRADING,AMAT,2026-06-08T09:00:00.000Z,D,,
AXTIUSDT,TRADIFI_PERPETUAL,TRADING,AXTI,2026-06-08T09:00:00.000Z,D,,
BXUSDT,TRADIFI_PERPETUAL,TRADING,BX,2026-06-08T09:00:00.000Z,D,,
CRDOUSDT,TRADIFI_PERPETUAL,TRADING,CRDO,2026-06-08T09:00:00.000Z,D,,
CRWDUSDT,TRADIFI_PERPETUAL,TRADING,CRWD,2026-06-08T09:00:00.000Z,D,,
HPEUSDT,TRADIFI_PERPETUAL,TRADING,HPE,2026-06-08T09:00:00.000Z,D,,
IWMUSDT,TRADIFI_PERPETUAL,TRADING,IWM,2026-06-08T09:00:00.000Z,D,,2026-06-08
COSTUSDT,TRADIFI_PERPETUAL,TRADING,COST,2026-06-09T09:00:00.000Z,D,,
EBAYUSDT,TRADIFI_PERPETUAL,TRADING,EBAY,2026-06-09T09:00:00.000Z,D,,
HIMSUSDT,TRADIFI_PERPETUAL,TRADING,HIMS,2026-06-09T09:00:00.000Z,D,,
NFLXUSDT,TRADIFI_PERPETUAL,TRADING,NFLX,2026-06-09T09:00:00.000Z,D,,
URNMUSDT,TRADIFI_PERPETUAL,TRADING,URNM,2026-06-09T09:00:00.000Z,D,,2026-06-09
DKNGUSDT,TRADIFI_PERPETUAL,TRADING,DKNG,2026-06-10T09:00:00.000Z,D,,
EWZUSDT,TRADIFI_PERPETUAL,TRADING,EWZ,2026-06-10T09:00:00.000Z,D,,2026-06-10
GMEUSDT,TRADIFI_PERPETUAL,TRADING,GME,2026-06-10T09:00:00.000Z,D,,
RIVNUSDT,TRADIFI_PERPETUAL,TRADING,RIVN,2026-06-10T09:00:00.000Z,D,,
XLEUSDT,TRADIFI_PERPETUAL,TRADING,XLE,2026-06-10T09:00:00.000Z,D,,2026-05-11
ZMUSDT,TRADIFI_PERPETUAL,TRADING,ZM,2026-06-10T09:00:00.000Z,D,,
ADBEUSDT,TRADIFI_PERPETUAL,TRADING,ADBE,2026-06-11T09:00:00.000Z,D,,
ASMLUSDT,TRADIFI_PERPETUAL,TRADING,ASML,2026-06-11T09:00:00.000Z,D,,
BMNRUSDT,TRADIFI_PERPETUAL,TRADING,BMNR,2026-06-11T09:00:00.000Z,D,,
GLWUSDT,TRADIFI_PERPETUAL,TRADING,GLW,2026-06-11T09:00:00.000Z,D,,
STXXUSDT,TRADIFI_PERPETUAL,TRADING,STXX,2026-06-11T09:00:00.000Z,D,,
UVXYUSDT,TRADIFI_PERPETUAL,TRADING,UVXY,2026-06-11T09:00:00.000Z,D,,2026-06-11
REUSDT,PERPETUAL,TRADING,RE,2026-06-18T14:00:00.000Z,A,2026-06-18,2026-06-17
ALABUSDT,TRADIFI_PERPETUAL,TRADING,ALAB,2026-06-22T13:00:00.000Z,D,,
CIENUSDT,TRADIFI_PERPETUAL,TRADING,CIEN,2026-06-22T13:00:00.000Z,D,,
KLACUSDT,TRADIFI_PERPETUAL,TRADING,KLAC,2026-06-22T13:00:00.000Z,D,,
KORUUSDT,TRADIFI_PERPETUAL,TRADING,KORU,2026-06-22T13:00:00.000Z,D,,2026-06-22
LRCXUSDT,TRADIFI_PERPETUAL,TRADING,LRCX,2026-06-22T13:00:00.000Z,D,,
SMCIUSDT,TRADIFI_PERPETUAL,TRADING,SMCI,2026-06-22T13:00:00.000Z,D,,
SONYUSDT,TRADIFI_PERPETUAL,TRADING,SONY,2026-06-22T14:00:00.000Z,D,,
ARXUSDT,PERPETUAL,TRADING,ARX,2026-06-23T04:00:00.000Z,A,,2026-06-22
OUSDT,PERPETUAL,TRADING,O,2026-06-24T11:00:00.000Z,A,,2026-06-17
CAPUSDT,PERPETUAL,TRADING,CAP,2026-06-27T11:00:00.000Z,A,,2026-06-26
MVLLUSDT,TRADIFI_PERPETUAL,TRADING,MVLL,2026-06-29T13:00:00.000Z,D,,2026-06-30
SQQQUSDT,TRADIFI_PERPETUAL,TRADING,SQQQ,2026-06-29T13:00:00.000Z,D,,2026-06-16
TQQQUSDT,TRADIFI_PERPETUAL,TRADING,TQQQ,2026-06-29T13:00:00.000Z,D,,2026-06-16
BTCU,PERPETUAL,TRADING,BTC,2026-07-01T09:00:00.000Z,C,2017-08-17,2025-03-24
ETHU,PERPETUAL,TRADING,ETH,2026-07-01T10:00:00.000Z,C,2017-08-17,2025-03-24
GRAMUSDT,PERPETUAL,TRADING,GRAM,2026-07-02T08:00:00.000Z,B,2026-07-02,2026-06-15
BSPUSDT,TRADIFI_PERPETUAL,TRADING,BSP,2026-07-02T09:00:00.000Z,D,,
CATUSDT,TRADIFI_PERPETUAL,TRADING,CAT,2026-07-02T09:00:00.000Z,D,,2024-08-22
FLEXUSDT,TRADIFI_PERPETUAL,TRADING,FLEX,2026-07-02T09:00:00.000Z,D,,
KSTRUSDT,TRADIFI_PERPETUAL,TRADING,KSTR,2026-07-02T09:00:00.000Z,D,,2026-07-02
STRCUSDT,TRADIFI_PERPETUAL,TRADING,STRC,2026-07-02T09:00:00.000Z,D,,
TERUSDT,TRADIFI_PERPETUAL,TRADING,TER,2026-07-02T09:00:00.000Z,D,,
TTWOUSDT,TRADIFI_PERPETUAL,TRADING,TTWO,2026-07-02T09:00:00.000Z,D,,
TXNUSDT,TRADIFI_PERPETUAL,TRADING,TXN,2026-07-02T09:00:00.000Z,D,,
DATAIPUSDC,PERPETUAL,TRADING,DATAIP,2026-07-03T06:00:00.000Z,U,,
DATAIPUSDT,PERPETUAL,TRADING,DATAIP,2026-07-03T06:00:00.000Z,U,,
ETHUSD1,PERPETUAL,TRADING,ETH,2026-07-03T09:00:00.000Z,C,2017-08-17,2025-03-24
BNCUSDT,TRADIFI_PERPETUAL,TRADING,BNC,2026-07-09T14:00:00.000Z,D,,
BOTUSDT,TRADIFI_PERPETUAL,TRADING,BOT,2026-07-09T14:00:00.000Z,D,,
FWDIUSDT,TRADIFI_PERPETUAL,TRADING,FWDI,2026-07-09T14:00:00.000Z,D,,
INTWUSDT,TRADIFI_PERPETUAL,TRADING,INTW,2026-07-09T14:00:00.000Z,D,,
SNXXUSDT,TRADIFI_PERPETUAL,TRADING,SNXX,2026-07-09T14:00:00.000Z,D,,
WENUSDT,TRADIFI_PERPETUAL,TRADING,WEN,2026-07-09T14:00:00.000Z,D,,
XBIUSDT,TRADIFI_PERPETUAL,TRADING,XBI,2026-07-09T14:00:00.000Z,D,,2026-06-23
APPUSDT,TRADIFI_PERPETUAL,TRADING,APP,2026-07-10T08:00:00.000Z,D,,
GEVUSDT,TRADIFI_PERPETUAL,TRADING,GEV,2026-07-10T08:00:00.000Z,D,,
SNOWUSDT,TRADIFI_PERPETUAL,TRADING,SNOW,2026-07-10T08:00:00.000Z,D,,
VRTUSDT,TRADIFI_PERPETUAL,TRADING,VRT,2026-07-10T08:00:00.000Z,D,,
SKHYUSDT,TRADIFI_PERPETUAL,TRADING,SKHY,2026-07-10T15:00:00.000Z,D,,