symbol,contractType,status,baseAsset,quoteAsset,onboardDate,onboardIso
BTCUSDT,PERPETUAL,TRADING,BTC,USDT,1567965300000,2019-09-08T17:55:00.000Z
ETHUSDT,PERPETUAL,TRADING,ETH,USDT,1574840700000,2019-11-27T07:45:00.000Z
BCHUSDT,PERPETUAL,TRADING,BCH,USDT,1576745700000,2019-12-19T08:55:00.000Z
XRPUSDT,PERPETUAL,TRADING,XRP,USDT,1578298800000,2020-01-06T08:20:00.000Z
LTCUSDT,PERPETUAL,TRADING,LTC,USDT,1578557100000,2020-01-09T08:05:00.000Z
TRXUSDT,PERPETUAL,TRADING,TRX,USDT,1579075500000,2020-01-15T08:05:00.000Z
ETCUSDT,PERPETUAL,TRADING,ETC,USDT,1579161600000,2020-01-16T08:00:00.000Z
LINKUSDT,PERPETUAL,TRADING,LINK,USDT,1579248000000,2020-01-17T08:00:00.000Z
XLMUSDT,PERPETUAL,TRADING,XLM,USDT,1579507200000,2020-01-20T08:00:00.000Z
ADAUSDT,PERPETUAL,TRADING,ADA,USDT,1580457600000,2020-01-31T08:00:00.000Z
XMRUSDT,PERPETUAL,TRADING,XMR,USDT,1580716800000,2020-02-03T08:00:00.000Z
DASHUSDT,PERPETUAL,TRADING,DASH,USDT,1580803500000,2020-02-04T08:05:00.000Z
ZECUSDT,PERPETUAL,TRADING,ZEC,USDT,1580889600000,2020-02-05T08:00:00.000Z
XTZUSDT,PERPETUAL,TRADING,XTZ,USDT,1580976000000,2020-02-06T08:00:00.000Z
ATOMUSDT,PERPETUAL,TRADING,ATOM,USDT,1581077400000,2020-02-07T12:10:00.000Z
BNBUSDT,PERPETUAL,TRADING,BNB,USDT,1581321600000,2020-02-10T08:00:00.000Z
ONTUSDT,PERPETUAL,TRADING,ONT,USDT,1581408300000,2020-02-11T08:05:00.000Z
IOTAUSDT,PERPETUAL,TRADING,IOTA,USDT,1581494400000,2020-02-12T08:00:00.000Z
BATUSDT,PERPETUAL,TRADING,BAT,USDT,1581581100000,2020-02-13T08:05:00.000Z
VETUSDT,PERPETUAL,TRADING,VET,USDT,1581667200000,2020-02-14T08:00:00.000Z
NEOUSDT,PERPETUAL,TRADING,NEO,USDT,1581929100000,2020-02-17T08:45:00.000Z
QTUMUSDT,PERPETUAL,TRADING,QTUM,USDT,1582185900000,2020-02-20T08:05:00.000Z
IOSTUSDT,PERPETUAL,TRADING,IOST,USDT,1582272300000,2020-02-21T08:05:00.000Z
THETAUSDT,PERPETUAL,TRADING,THETA,USDT,1590566400000,2020-05-27T08:00:00.000Z
ALGOUSDT,PERPETUAL,TRADING,ALGO,USDT,1592298000000,2020-06-16T09:00:00.000Z
ZILUSDT,PERPETUAL,TRADING,ZIL,USDT,1592470800000,2020-06-18T09:00:00.000Z
KNCUSDT,PERPETUAL,TRADING,KNC,USDT,1592815800000,2020-06-22T08:50:00.000Z
ZRXUSDT,PERPETUAL,TRADING,ZRX,USDT,1592989200000,2020-06-24T09:00:00.000Z
COMPUSDT,PERPETUAL,TRADING,COMP,USDT,1593507600000,2020-06-30T09:00:00.000Z
OMGUSDT,PERPETUAL,SETTLING,OMG,USDT,1593680400000,2020-07-02T09:00:00.000Z
DOGEUSDT,PERPETUAL,TRADING,DOGE,USDT,1594371600000,2020-07-10T09:00:00.000Z
KAVAUSDT,PERPETUAL,TRADING,KAVA,USDT,1595919900000,2020-07-28T07:05:00.000Z
BANDUSDT,PERPETUAL,TRADING,BAND,USDT,1596006000000,2020-07-29T07:00:00.000Z
RLCUSDT,PERPETUAL,TRADING,RLC,USDT,1596178800000,2020-07-31T07:00:00.000Z
WAVESUSDT,PERPETUAL,SETTLING,WAVES,USDT,1597215600000,2020-08-12T07:00:00.000Z
MKRUSDT,PERPETUAL,SETTLING,MKR,USDT,1597302000000,2020-08-13T07:00:00.000Z
SNXUSDT,PERPETUAL,TRADING,SNX,USDT,1597388400000,2020-08-14T07:00:00.000Z
DOTUSDT,PERPETUAL,TRADING,DOT,USDT,1598079600000,2020-08-22T07:00:00.000Z
SKLUSDT,PERPETUAL,TRADING,SKL,USDT,1598252400000,2020-08-24T07:00:00.000Z
DEFIUSDT,PERPETUAL,SETTLING,DEFI,USDT,1598598000000,2020-08-28T07:00:00.000Z
YFIUSDT,PERPETUAL,TRADING,YFI,USDT,1598857200000,2020-08-31T07:00:00.000Z
BALUSDT,PERPETUAL,SETTLING,BAL,USDT,1598943600000,2020-09-01T07:00:00.000Z
CRVUSDT,PERPETUAL,TRADING,CRV,USDT,1598943600000,2020-09-01T07:00:00.000Z
TRBUSDT,PERPETUAL,TRADING,TRB,USDT,1599116400000,2020-09-03T07:00:00.000Z
SUSHIUSDT,PERPETUAL,TRADING,SUSHI,USDT,1599202800000,2020-09-04T07:00:00.000Z
RUNEUSDT,PERPETUAL,TRADING,RUNE,USDT,1599203400000,2020-09-04T07:10:00.000Z
EGLDUSDT,PERPETUAL,TRADING,EGLD,USDT,1600066800000,2020-09-14T07:00:00.000Z
SOLUSDT,PERPETUAL,TRADING,SOL,USDT,1600066800000,2020-09-14T07:00:00.000Z
ICXUSDT,PERPETUAL,TRADING,ICX,USDT,1600153200000,2020-09-15T07:00:00.000Z
STORJUSDT,PERPETUAL,TRADING,STORJ,USDT,1600239600000,2020-09-16T07:00:00.000Z
BLZUSDT,PERPETUAL,SETTLING,BLZ,USDT,1600326000000,2020-09-17T07:00:00.000Z
UNIUSDT,PERPETUAL,TRADING,UNI,USDT,1600412400000,2020-09-18T07:00:00.000Z
AVAXUSDT,PERPETUAL,TRADING,AVAX,USDT,1600844400000,2020-09-23T07:00:00.000Z
FTMUSDT,PERPETUAL,SETTLING,FTM,USDT,1600930800000,2020-09-24T07:00:00.000Z
ENJUSDT,PERPETUAL,TRADING,ENJ,USDT,1601362800000,2020-09-29T07:00:00.000Z
FLMUSDT,PERPETUAL,SETTLING,FLM,USDT,1601362800000,2020-09-29T07:00:00.000Z
RENUSDT,PERPETUAL,SETTLING,REN,USDT,1602572400000,2020-10-13T07:00:00.000Z
KSMUSDT,PERPETUAL,TRADING,KSM,USDT,1602658800000,2020-10-14T07:00:00.000Z
NEARUSDT,PERPETUAL,TRADING,NEAR,USDT,1602748800000,2020-10-15T08:00:00.000Z
FILUSDT,PERPETUAL,TRADING,FIL,USDT,1602828000000,2020-10-16T06:00:00.000Z
AAVEUSDT,PERPETUAL,TRADING,AAVE,USDT,1602831600000,2020-10-16T07:00:00.000Z
RSRUSDT,PERPETUAL,TRADING,RSR,USDT,1603091100000,2020-10-19T07:05:00.000Z
LRCUSDT,PERPETUAL,SETTLING,LRC,USDT,1603091100000,2020-10-19T07:05:00.000Z
OCEANUSDT,PERPETUAL,SETTLING,OCEAN,USDT,1604386800000,2020-11-03T07:00:00.000Z
BELUSDT,PERPETUAL,TRADING,BEL,USDT,1605682800000,2020-11-18T07:00:00.000Z
AXSUSDT,PERPETUAL,TRADING,AXS,USDT,1605855600000,2020-11-20T07:00:00.000Z
ALPHAUSDT,PERPETUAL,SETTLING,ALPHA,USDT,1606114800000,2020-11-23T07:00:00.000Z
ZENUSDT,PERPETUAL,TRADING,ZEN,USDT,1606201200000,2020-11-24T07:00:00.000Z
GRTUSDT,PERPETUAL,TRADING,GRT,USDT,1608274800000,2020-12-18T07:00:00.000Z
1INCHUSDT,PERPETUAL,TRADING,1INCH,USDT,1608879600000,2020-12-25T07:00:00.000Z
SANDUSDT,PERPETUAL,TRADING,SAND,USDT,1610953200000,2021-01-18T07:00:00.000Z
CHZUSDT,PERPETUAL,TRADING,CHZ,USDT,1611212400000,2021-01-21T07:00:00.000Z
ANKRUSDT,PERPETUAL,TRADING,ANKR,USDT,1611558000000,2021-01-25T07:00:00.000Z
REEFUSDT,PERPETUAL,SETTLING,REEF,USDT,1611558000000,2021-01-25T07:00:00.000Z
UNFIUSDT,PERPETUAL,SETTLING,UNFI,USDT,1612854000000,2021-02-09T07:00:00.000Z
RVNUSDT,PERPETUAL,TRADING,RVN,USDT,1614063600000,2021-02-23T07:00:00.000Z
SFPUSDT,PERPETUAL,TRADING,SFP,USDT,1614150000000,2021-02-24T07:00:00.000Z
XEMUSDT,PERPETUAL,SETTLING,XEM,USDT,1614668400000,2021-03-02T07:00:00.000Z
BTCSTUSDT,PERPETUAL,PENDING_TRADING,BTCST,USDT,1614754800000,2021-03-03T07:00:00.000Z
COTIUSDT,PERPETUAL,TRADING,COTI,USDT,1615273200000,2021-03-09T07:00:00.000Z
CHRUSDT,PERPETUAL,TRADING,CHR,USDT,1615532400000,2021-03-12T07:00:00.000Z
MANAUSDT,PERPETUAL,TRADING,MANA,USDT,1615705200000,2021-03-14T07:00:00.000Z
ALICEUSDT,PERPETUAL,TRADING,ALICE,USDT,1615791600000,2021-03-15T07:00:00.000Z
GTCUSDT,PERPETUAL,TRADING,GTC,USDT,1615791600000,2021-03-15T07:00:00.000Z
HBARUSDT,PERPETUAL,TRADING,HBAR,USDT,1615964400000,2021-03-17T07:00:00.000Z
ONEUSDT,PERPETUAL,TRADING,ONE,USDT,1615964400000,2021-03-17T07:00:00.000Z
LINAUSDT,PERPETUAL,SETTLING,LINA,USDT,1615964400000,2021-03-17T07:00:00.000Z
STMXUSDT,PERPETUAL,SETTLING,STMX,USDT,1615964400000,2021-03-17T07:00:00.000Z
DENTUSDT,PERPETUAL,SETTLING,DENT,USDT,1616482800000,2021-03-23T07:00:00.000Z
CELRUSDT,PERPETUAL,TRADING,CELR,USDT,1617001200000,2021-03-29T07:00:00.000Z
HOTUSDT,PERPETUAL,TRADING,HOT,USDT,1617087600000,2021-03-30T07:00:00.000Z
MTLUSDT,PERPETUAL,TRADING,MTL,USDT,1617174000000,2021-03-31T07:00:00.000Z
OGNUSDT,PERPETUAL,TRADING,OGN,USDT,1617174000000,2021-03-31T07:00:00.000Z
NKNUSDT,PERPETUAL,SETTLING,NKN,USDT,1617865200000,2021-04-08T07:00:00.000Z
SCUSDT,PERPETUAL,SETTLING,SC,USDT,1618210800000,2021-04-12T07:00:00.000Z
DGBUSDT,PERPETUAL,SETTLING,DGB,USDT,1618815600000,2021-04-19T07:00:00.000Z
1000SHIBUSDT,PERPETUAL,TRADING,1000SHIB,USDT,1620630000000,2021-05-10T07:00:00.000Z
BAKEUSDT,PERPETUAL,SETTLING,BAKE,USDT,1621321200000,2021-05-18T07:00:00.000Z
BTCDOMUSDT,PERPETUAL,TRADING,BTCDOM,USDT,1623913200000,2021-06-17T07:00:00.000Z
MASKUSDT,PERPETUAL,TRADING,MASK,USDT,1626418800000,2021-07-16T07:00:00.000Z
ICPUSDT,PERPETUAL,TRADING,ICP,USDT,1627628400000,2021-07-30T07:00:00.000Z
IOTXUSDT,PERPETUAL,TRADING,IOTX,USDT,1628665200000,2021-08-11T07:00:00.000Z
RAYUSDT,PERPETUAL,SETTLING,RAY,USDT,1629270000000,2021-08-18T07:00:00.000Z
C98USDT,PERPETUAL,TRADING,C98,USDT,1629702000000,2021-08-23T07:00:00.000Z
ATAUSDT,PERPETUAL,SETTLING,ATA,USDT,1630306800000,2021-08-30T07:00:00.000Z
DYDXUSDT,PERPETUAL,TRADING,DYDX,USDT,1631170800000,2021-09-09T07:00:00.000Z
1000XECUSDT,PERPETUAL,TRADING,1000XEC,USDT,1631775600000,2021-09-16T07:00:00.000Z
GALAUSDT,PERPETUAL,TRADING,GALA,USDT,1631862000000,2021-09-17T07:00:00.000Z
CELOUSDT,PERPETUAL,TRADING,CELO,USDT,1632639600000,2021-09-26T07:00:00.000Z
ARUSDT,PERPETUAL,TRADING,AR,USDT,1632812400000,2021-09-28T07:00:00.000Z
KLAYUSDT,PERPETUAL,SETTLING,KLAY,USDT,1633935600000,2021-10-11T07:00:00.000Z
ARPAUSDT,PERPETUAL,TRADING,ARPA,USDT,1634540400000,2021-10-18T07:00:00.000Z
CTSIUSDT,PERPETUAL,TRADING,CTSI,USDT,1635145200000,2021-10-25T07:00:00.000Z
LPTUSDT,PERPETUAL,TRADING,LPT,USDT,1636527600000,2021-11-10T07:00:00.000Z
ENSUSDT,PERPETUAL,TRADING,ENS,USDT,1638169200000,2021-11-29T07:00:00.000Z
PEOPLEUSDT,PERPETUAL,TRADING,PEOPLE,USDT,1640242800000,2021-12-23T07:00:00.000Z
ROSEUSDT,PERPETUAL,TRADING,ROSE,USDT,1640934000000,2021-12-31T07:00:00.000Z
DUSKUSDT,PERPETUAL,TRADING,DUSK,USDT,1641452400000,2022-01-06T07:00:00.000Z
FLOWUSDT,PERPETUAL,TRADING,FLOW,USDT,1644390000000,2022-02-09T07:00:00.000Z
IMXUSDT,PERPETUAL,TRADING,IMX,USDT,1644476400000,2022-02-10T07:00:00.000Z
API3USDT,PERPETUAL,TRADING,API3,USDT,1645426800000,2022-02-21T07:00:00.000Z
GMTUSDT,PERPETUAL,TRADING,GMT,USDT,1647241200000,2022-03-14T07:00:00.000Z
APEUSDT,PERPETUAL,TRADING,APE,USDT,1647500400000,2022-03-17T07:00:00.000Z
WOOUSDT,PERPETUAL,TRADING,WOO,USDT,1649314800000,2022-04-07T07:00:00.000Z
FTTUSDT,PERPETUAL,SETTLING,FTT,USDT,1649919600000,2022-04-14T07:00:00.000Z
JASMYUSDT,PERPETUAL,TRADING,JASMY,USDT,1650351600000,2022-04-19T07:00:00.000Z
DARUSDT,PERPETUAL,SETTLING,DAR,USDT,1651129200000,2022-04-28T07:00:00.000Z
OPUSDT,PERPETUAL,TRADING,OP,USDT,1654066800000,2022-06-01T07:00:00.000Z
INJUSDT,PERPETUAL,TRADING,INJ,USDT,1660633200000,2022-08-16T07:00:00.000Z
STGUSDT,PERPETUAL,TRADING,STG,USDT,1661324400000,2022-08-24T07:00:00.000Z
SPELLUSDT,PERPETUAL,TRADING,SPELL,USDT,1662361200000,2022-09-05T07:00:00.000Z
1000LUNCUSDT,PERPETUAL,TRADING,1000LUNC,USDT,1662620400000,2022-09-08T07:00:00.000Z
LUNA2USDT,PERPETUAL,TRADING,LUNA2,USDT,1662706800000,2022-09-09T07:00:00.000Z
LDOUSDT,PERPETUAL,TRADING,LDO,USDT,1663743600000,2022-09-21T07:00:00.000Z
APTUSDT,PERPETUAL,TRADING,APT,USDT,1666076400000,2022-10-18T07:00:00.000Z
QNTUSDT,PERPETUAL,TRADING,QNT,USDT,1666076400000,2022-10-18T07:00:00.000Z
FETUSDT,PERPETUAL,TRADING,FET,USDT,1673766000000,2023-01-15T07:00:00.000Z
FXSUSDT,PERPETUAL,SETTLING,FXS,USDT,1674111600000,2023-01-19T07:00:00.000Z
HOOKUSDT,PERPETUAL,SETTLING,HOOK,USDT,1674111600000,2023-01-19T07:00:00.000Z
MAGICUSDT,PERPETUAL,TRADING,MAGIC,USDT,1674457200000,2023-01-23T07:00:00.000Z
TUSDT,PERPETUAL,TRADING,T,USDT,1675148400000,2023-01-31T07:00:00.000Z
HIGHUSDT,PERPETUAL,SETTLING,HIGH,USDT,1675407600000,2023-02-03T07:00:00.000Z
MINAUSDT,PERPETUAL,TRADING,MINA,USDT,1675407600000,2023-02-03T07:00:00.000Z
ASTRUSDT,PERPETUAL,TRADING,ASTR,USDT,1676271600000,2023-02-13T07:00:00.000Z
AGIXUSDT,PERPETUAL,SETTLING,AGIX,USDT,1676444400000,2023-02-15T07:00:00.000Z
PHBUSDT,PERPETUAL,SETTLING,PHB,USDT,1676444400000,2023-02-15T07:00:00.000Z
GMXUSDT,PERPETUAL,TRADING,GMX,USDT,1676530800000,2023-02-16T07:00:00.000Z
CFXUSDT,PERPETUAL,TRADING,CFX,USDT,1676790000000,2023-02-19T07:00:00.000Z
STXUSDT,PERPETUAL,TRADING,STX,USDT,1676876400000,2023-02-20T07:00:00.000Z
ACHUSDT,PERPETUAL,TRADING,ACH,USDT,1676962800000,2023-02-21T07:00:00.000Z
BNXUSDT,PERPETUAL,SETTLING,BNX,USDT,1677049200000,2023-02-22T07:00:00.000Z
SSVUSDT,PERPETUAL,TRADING,SSV,USDT,1677135600000,2023-02-23T07:00:00.000Z
CKBUSDT,PERPETUAL,TRADING,CKB,USDT,1677481200000,2023-02-27T07:00:00.000Z
PERPUSDT,PERPETUAL,SETTLING,PERP,USDT,1677999600000,2023-03-05T07:00:00.000Z
TRUUSDT,PERPETUAL,SETTLING,TRU,USDT,1678086000000,2023-03-06T07:00:00.000Z
LQTYUSDT,PERPETUAL,TRADING,LQTY,USDT,1678258800000,2023-03-08T07:00:00.000Z
USDCUSDT,PERPETUAL,TRADING,USDC,USDT,1678579200000,2023-03-12T00:00:00.000Z
IDUSDT,PERPETUAL,TRADING,ID,USDT,1679529600000,2023-03-23T00:00:00.000Z
ARBUSDT,PERPETUAL,TRADING,ARB,USDT,1679554800000,2023-03-23T07:00:00.000Z
JOEUSDT,PERPETUAL,TRADING,JOE,USDT,1679961600000,2023-03-28T00:00:00.000Z
TLMUSDT,PERPETUAL,TRADING,TLM,USDT,1680048000000,2023-03-29T00:00:00.000Z
AMBUSDT,PERPETUAL,SETTLING,AMB,USDT,1680048000000,2023-03-29T00:00:00.000Z
LEVERUSDT,PERPETUAL,SETTLING,LEVER,USDT,1680048000000,2023-03-29T00:00:00.000Z
RDNTUSDT,PERPETUAL,SETTLING,RDNT,USDT,1680566400000,2023-04-04T00:00:00.000Z
HFTUSDT,PERPETUAL,TRADING,HFT,USDT,1680652800000,2023-04-05T00:00:00.000Z
XVSUSDT,PERPETUAL,TRADING,XVS,USDT,1681257600000,2023-04-12T00:00:00.000Z
BLURUSDT,PERPETUAL,TRADING,BLUR,USDT,1682553600000,2023-04-27T00:00:00.000Z
EDUUSDT,PERPETUAL,TRADING,EDU,USDT,1682640000000,2023-04-28T00:00:00.000Z
IDEXUSDT,PERPETUAL,SETTLING,IDEX,USDT,1682985600000,2023-05-02T00:00:00.000Z
SUIUSDT,PERPETUAL,TRADING,SUI,USDT,1683072000000,2023-05-03T00:00:00.000Z
1000PEPEUSDT,PERPETUAL,TRADING,1000PEPE,USDT,1683244800000,2023-05-05T00:00:00.000Z
1000FLOKIUSDT,PERPETUAL,TRADING,1000FLOKI,USDT,1683331200000,2023-05-06T00:00:00.000Z
UMAUSDT,PERPETUAL,TRADING,UMA,USDT,1683590400000,2023-05-09T00:00:00.000Z
RADUSDT,PERPETUAL,SETTLING,RAD,USDT,1683590400000,2023-05-09T00:00:00.000Z
KEYUSDT,PERPETUAL,SETTLING,KEY,USDT,1684800000000,2023-05-23T00:00:00.000Z
ETHBTC,PERPETUAL,TRADING,ETH,BTC,1684972800000,2023-05-25T00:00:00.000Z
COMBOUSDT,PERPETUAL,SETTLING,COMBO,USDT,1685707200000,2023-06-02T12:00:00.000Z
NMRUSDT,PERPETUAL,TRADING,NMR,USDT,1687435200000,2023-06-22T12:00:00.000Z
MAVUSDT,PERPETUAL,TRADING,MAV,USDT,1688040000000,2023-06-29T12:00:00.000Z
MDTUSDT,PERPETUAL,SETTLING,MDT,USDT,1688126400000,2023-06-30T12:00:00.000Z
XVGUSDT,PERPETUAL,TRADING,XVG,USDT,1688558400000,2023-07-05T12:00:00.000Z
WLDUSDT,PERPETUAL,TRADING,WLD,USDT,1690200000000,2023-07-24T12:00:00.000Z
PENDLEUSDT,PERPETUAL,TRADING,PENDLE,USDT,1690511400000,2023-07-28T02:30:00.000Z
ARKMUSDT,PERPETUAL,TRADING,ARKM,USDT,1690512300000,2023-07-28T02:45:00.000Z
AGLDUSDT,PERPETUAL,TRADING,AGLD,USDT,1690597800000,2023-07-29T02:30:00.000Z
YGGUSDT,PERPETUAL,TRADING,YGG,USDT,1691206200000,2023-08-05T03:30:00.000Z
DODOXUSDT,PERPETUAL,TRADING,DODOX,USDT,1691496000000,2023-08-08T12:00:00.000Z
BNTUSDT,PERPETUAL,TRADING,BNT,USDT,1691668800000,2023-08-10T12:00:00.000Z
OXTUSDT,PERPETUAL,SETTLING,OXT,USDT,1691755200000,2023-08-11T12:00:00.000Z
SEIUSDT,PERPETUAL,TRADING,SEI,USDT,1692239400000,2023-08-17T02:30:00.000Z
CYBERUSDT,PERPETUAL,TRADING,CYBER,USDT,1692619200000,2023-08-21T12:00:00.000Z
HIFIUSDT,PERPETUAL,SETTLING,HIFI,USDT,1694874600000,2023-09-16T14:30:00.000Z
ARKUSDT,PERPETUAL,TRADING,ARK,USDT,1695133800000,2023-09-19T14:30:00.000Z
GLMRUSDT,PERPETUAL,SETTLING,GLMR,USDT,1695691800000,2023-09-26T01:30:00.000Z
BICOUSDT,PERPETUAL,TRADING,BICO,USDT,1695904200000,2023-09-28T12:30:00.000Z
STRAXUSDT,PERPETUAL,SETTLING,STRAX,USDT,1696991400000,2023-10-11T02:30:00.000Z
LOOMUSDT,PERPETUAL,SETTLING,LOOM,USDT,1697034600000,2023-10-11T14:30:00.000Z
BIGTIMEUSDT,PERPETUAL,TRADING,BIGTIME,USDT,1697121000000,2023-10-12T14:30:00.000Z
BONDUSDT,PERPETUAL,SETTLING,BOND,USDT,1697380200000,2023-10-15T14:30:00.000Z
ORBSUSDT,PERPETUAL,SETTLING,ORBS,USDT,1697522400000,2023-10-17T06:00:00.000Z
STPTUSDT,PERPETUAL,SETTLING,STPT,USDT,1697639400000,2023-10-18T14:30:00.000Z
WAXPUSDT,PERPETUAL,TRADING,WAXP,USDT,1697640300000,2023-10-18T14:45:00.000Z
BSVUSDT,PERPETUAL,TRADING,BSV,USDT,1697805000000,2023-10-20T12:30:00.000Z
RIFUSDT,PERPETUAL,TRADING,RIF,USDT,1697891400000,2023-10-21T12:30:00.000Z
POLYXUSDT,PERPETUAL,TRADING,POLYX,USDT,1698201000000,2023-10-25T02:30:00.000Z
GASUSDT,PERPETUAL,TRADING,GAS,USDT,1698201900000,2023-10-25T02:45:00.000Z
POWRUSDT,PERPETUAL,TRADING,POWR,USDT,1698373800000,2023-10-27T02:30:00.000Z
TIAUSDT,PERPETUAL,TRADING,TIA,USDT,1698769800000,2023-10-31T16:30:00.000Z
SNTUSDT,PERPETUAL,SETTLING,SNT,USDT,1698928200000,2023-11-02T12:30:00.000Z
CAKEUSDT,PERPETUAL,TRADING,CAKE,USDT,1698929100000,2023-11-02T12:45:00.000Z
MEMEUSDT,PERPETUAL,TRADING,MEME,USDT,1699012800000,2023-11-03T12:00:00.000Z
TWTUSDT,PERPETUAL,TRADING,TWT,USDT,1699021800000,2023-11-03T14:30:00.000Z
TOKENUSDT,PERPETUAL,SETTLING,TOKEN,USDT,1699023600000,2023-11-03T15:00:00.000Z
ORDIUSDT,PERPETUAL,TRADING,ORDI,USDT,1699360200000,2023-11-07T12:30:00.000Z
STEEMUSDT,PERPETUAL,TRADING,STEEM,USDT,1699453800000,2023-11-08T14:30:00.000Z
BADGERUSDT,PERPETUAL,SETTLING,BADGER,USDT,1699533000000,2023-11-09T12:30:00.000Z
ILVUSDT,PERPETUAL,TRADING,ILV,USDT,1699633800000,2023-11-10T16:30:00.000Z
NTRNUSDT,PERPETUAL,SETTLING,NTRN,USDT,1699963200000,2023-11-14T12:00:00.000Z
KASUSDT,PERPETUAL,TRADING,KAS,USDT,1700186400000,2023-11-17T02:00:00.000Z
BEAMXUSDT,PERPETUAL,TRADING,BEAMX,USDT,1700227800000,2023-11-17T13:30:00.000Z
1000BONKUSDT,PERPETUAL,TRADING,1000BONK,USDT,1700661600000,2023-11-22T14:00:00.000Z
PYTHUSDT,PERPETUAL,TRADING,PYTH,USDT,1700663400000,2023-11-22T14:30:00.000Z
SUPERUSDT,PERPETUAL,TRADING,SUPER,USDT,1701003600000,2023-11-26T13:00:00.000Z
USTCUSDT,PERPETUAL,TRADING,USTC,USDT,1701088200000,2023-11-27T12:30:00.000Z
ONGUSDT,PERPETUAL,TRADING,ONG,USDT,1701090000000,2023-11-27T13:00:00.000Z
ETHWUSDT,PERPETUAL,TRADING,ETHW,USDT,1701174600000,2023-11-28T12:30:00.000Z
JTOUSDT,PERPETUAL,TRADING,JTO,USDT,1702029600000,2023-12-08T10:00:00.000Z
1000SATSUSDT,PERPETUAL,TRADING,1000SATS,USDT,1702389600000,2023-12-12T14:00:00.000Z
AUCTIONUSDT,PERPETUAL,TRADING,AUCTION,USDT,1702645200000,2023-12-15T13:00:00.000Z
1000RATSUSDT,PERPETUAL,TRADING,1000RATS,USDT,1702648800000,2023-12-15T14:00:00.000Z
ACEUSDT,PERPETUAL,TRADING,ACE,USDT,1702893600000,2023-12-18T10:00:00.000Z
MOVRUSDT,PERPETUAL,TRADING,MOVR,USDT,1703593800000,2023-12-26T12:30:00.000Z
NFPUSDT,PERPETUAL,SETTLING,NFP,USDT,1703680200000,2023-12-27T12:30:00.000Z
BTCUSDC,PERPETUAL,TRADING,BTC,USDC,1704285000000,2024-01-03T12:30:00.000Z
ETHUSDC,PERPETUAL,TRADING,ETH,USDC,1704285300000,2024-01-03T12:35:00.000Z
BNBUSDC,PERPETUAL,TRADING,BNB,USDC,1704285600000,2024-01-03T12:40:00.000Z
SOLUSDC,PERPETUAL,TRADING,SOL,USDC,1704285900000,2024-01-03T12:45:00.000Z
XRPUSDC,PERPETUAL,TRADING,XRP,USDC,1704286200000,2024-01-03T12:50:00.000Z
AIUSDT,PERPETUAL,SETTLING,AI,USDT,1704717000000,2024-01-08T12:30:00.000Z
XAIUSDT,PERPETUAL,TRADING,XAI,USDT,1704808800000,2024-01-09T14:00:00.000Z
DOGEUSDC,PERPETUAL,TRADING,DOGE,USDC,1705572000000,2024-01-18T10:00:00.000Z
MANTAUSDT,PERPETUAL,TRADING,MANTA,USDT,1705586400000,2024-01-18T14:00:00.000Z
WIFUSDT,PERPETUAL,TRADING,WIF,USDT,1705587300000,2024-01-18T14:15:00.000Z
ONDOUSDT,PERPETUAL,TRADING,ONDO,USDT,1705755600000,2024-01-20T13:00:00.000Z
ALTUSDT,PERPETUAL,TRADING,ALT,USDT,1706191200000,2024-01-25T14:00:00.000Z
LSKUSDT,PERPETUAL,TRADING,LSK,USDT,1706192100000,2024-01-25T14:15:00.000Z
JUPUSDT,PERPETUAL,TRADING,JUP,USDT,1706725800000,2024-01-31T18:30:00.000Z
ZETAUSDT,PERPETUAL,TRADING,ZETA,USDT,1706862600000,2024-02-02T08:30:00.000Z
RONINUSDT,PERPETUAL,TRADING,RONIN,USDT,1707193800000,2024-02-06T04:30:00.000Z
DYMUSDT,PERPETUAL,TRADING,DYM,USDT,1707289200000,2024-02-07T07:00:00.000Z
SUIUSDC,PERPETUAL,TRADING,SUI,USDC,1707375600000,2024-02-08T07:00:00.000Z
OMUSDT,PERPETUAL,SETTLING,OM,USDT,1707832800000,2024-02-13T14:00:00.000Z
LINKUSDC,PERPETUAL,TRADING,LINK,USDC,1708072200000,2024-02-16T08:30:00.000Z
PIXELUSDT,PERPETUAL,TRADING,PIXEL,USDT,1708354800000,2024-02-19T15:00:00.000Z
STRKUSDT,PERPETUAL,TRADING,STRK,USDT,1708448400000,2024-02-20T17:00:00.000Z
ORDIUSDC,PERPETUAL,TRADING,ORDI,USDC,1708585200000,2024-02-22T07:00:00.000Z
GLMUSDT,PERPETUAL,TRADING,GLM,USDT,1708596000000,2024-02-22T10:00:00.000Z
PORTALUSDT,PERPETUAL,TRADING,PORTAL,USDT,1709218800000,2024-02-29T15:00:00.000Z
TONUSDT,PERPETUAL,SETTLING,TON,USDT,1709296200000,2024-03-01T12:30:00.000Z
AXLUSDT,PERPETUAL,TRADING,AXL,USDT,1709307000000,2024-03-01T15:30:00.000Z
MYROUSDT,PERPETUAL,SETTLING,MYRO,USDT,1709627400000,2024-03-05T08:30:00.000Z
1000PEPEUSDC,PERPETUAL,TRADING,1000PEPE,USDC,1709800200000,2024-03-07T08:30:00.000Z
METISUSDT,PERPETUAL,TRADING,METIS,USDT,1710232200000,2024-03-12T08:30:00.000Z
AEVOUSDT,PERPETUAL,TRADING,AEVO,USDT,1710336600000,2024-03-13T13:30:00.000Z
VANRYUSDT,PERPETUAL,TRADING,VANRY,USDT,1710351000000,2024-03-13T17:30:00.000Z
WLDUSDC,PERPETUAL,TRADING,WLD,USDC,1710399600000,2024-03-14T07:00:00.000Z
BOMEUSDT,PERPETUAL,TRADING,BOME,USDT,1710592200000,2024-03-16T12:30:00.000Z
ETHFIUSDT,PERPETUAL,TRADING,ETHFI,USDT,1710775800000,2024-03-18T15:30:00.000Z
AVAXUSDC,PERPETUAL,TRADING,AVAX,USDC,1710918000000,2024-03-20T07:00:00.000Z
1000SHIBUSDC,PERPETUAL,TRADING,1000SHIB,USDC,1711609200000,2024-03-28T07:00:00.000Z
ENAUSDT,PERPETUAL,TRADING,ENA,USDT,1712061000000,2024-04-02T12:30:00.000Z
WUSDT,PERPETUAL,TRADING,W,USDT,1712158200000,2024-04-03T15:30:00.000Z
BCHUSDC,PERPETUAL,TRADING,BCH,USDC,1712214000000,2024-04-04T07:00:00.000Z
WIFUSDC,PERPETUAL,TRADING,WIF,USDC,1712214900000,2024-04-04T07:15:00.000Z
TNSRUSDT,PERPETUAL,TRADING,TNSR,USDT,1712595600000,2024-04-08T17:00:00.000Z
SAGAUSDT,PERPETUAL,TRADING,SAGA,USDT,1712658600000,2024-04-09T10:30:00.000Z
LTCUSDC,PERPETUAL,TRADING,LTC,USDC,1712818800000,2024-04-11T07:00:00.000Z
NEARUSDC,PERPETUAL,TRADING,NEAR,USDC,1712819700000,2024-04-11T07:15:00.000Z
TAOUSDT,PERPETUAL,TRADING,TAO,USDT,1712845800000,2024-04-11T14:30:00.000Z
OMNIUSDT,PERPETUAL,SETTLING,OMNI,USDT,1713362400000,2024-04-17T14:00:00.000Z
ARBUSDC,PERPETUAL,TRADING,ARB,USDC,1713423600000,2024-04-18T07:00:00.000Z
NEOUSDC,PERPETUAL,TRADING,NEO,USDC,1713424500000,2024-04-18T07:15:00.000Z
FILUSDC,PERPETUAL,TRADING,FIL,USDC,1713425400000,2024-04-18T07:30:00.000Z
BOMEUSDC,PERPETUAL,TRADING,BOME,USDC,1714028400000,2024-04-25T07:00:00.000Z
TIAUSDC,PERPETUAL,TRADING,TIA,USDC,1714029300000,2024-04-25T07:15:00.000Z
REZUSDT,PERPETUAL,TRADING,REZ,USDT,1714485600000,2024-04-30T14:00:00.000Z
ENAUSDC,PERPETUAL,TRADING,ENA,USDC,1714633200000,2024-05-02T07:00:00.000Z
1000BONKUSDC,PERPETUAL,TRADING,1000BONK,USDC,1714633200000,2024-05-02T07:00:00.000Z
ETHFIUSDC,PERPETUAL,TRADING,ETHFI,USDC,1714634100000,2024-05-02T07:15:00.000Z
BBUSDT,PERPETUAL,TRADING,BB,USDT,1715603400000,2024-05-13T12:30:00.000Z
NOTUSDT,PERPETUAL,TRADING,NOT,USDT,1715868000000,2024-05-16T14:00:00.000Z
TURBOUSDT,PERPETUAL,TRADING,TURBO,USDT,1717083000000,2024-05-30T15:30:00.000Z
IOUSDT,PERPETUAL,TRADING,IO,USDT,1718114400000,2024-06-11T14:00:00.000Z
ZKUSDT,PERPETUAL,TRADING,ZK,USDT,1718622000000,2024-06-17T11:00:00.000Z
MEWUSDT,PERPETUAL,TRADING,MEW,USDT,1718632800000,2024-06-17T14:00:00.000Z
LISTAUSDT,PERPETUAL,TRADING,LISTA,USDT,1718886600000,2024-06-20T12:30:00.000Z
ZROUSDT,PERPETUAL,TRADING,ZRO,USDT,1718893800000,2024-06-20T14:30:00.000Z
CRVUSDC,PERPETUAL,TRADING,CRV,USDC,1720076400000,2024-07-04T07:00:00.000Z
RENDERUSDT,PERPETUAL,TRADING,RENDER,USDT,1721988000000,2024-07-26T10:00:00.000Z
BANANAUSDT,PERPETUAL,TRADING,BANANA,USDT,1723687200000,2024-08-15T02:00:00.000Z
GUSDT,PERPETUAL,TRADING,G,USDT,1723725000000,2024-08-15T12:30:00.000Z
RAREUSDT,PERPETUAL,TRADING,RARE,USDT,1723726800000,2024-08-15T13:00:00.000Z
SYNUSDT,PERPETUAL,TRADING,SYN,USDT,1723811400000,2024-08-16T12:30:00.000Z
SYSUSDT,PERPETUAL,SETTLING,SYS,USDT,1724070600000,2024-08-19T12:30:00.000Z
VOXELUSDT,PERPETUAL,SETTLING,VOXEL,USDT,1724149800000,2024-08-20T10:30:00.000Z
BRETTUSDT,PERPETUAL,TRADING,BRETT,USDT,1724150100000,2024-08-20T10:35:00.000Z
ALPACAUSDT,PERPETUAL,SETTLING,ALPACA,USDT,1724322600000,2024-08-22T10:30:00.000Z
POPCATUSDT,PERPETUAL,TRADING,POPCAT,USDT,1724331600000,2024-08-22T13:00:00.000Z
SUNUSDT,PERPETUAL,TRADING,SUN,USDT,1724331900000,2024-08-22T13:05:00.000Z
VIDTUSDT,PERPETUAL,SETTLING,VIDT,USDT,1724405400000,2024-08-23T09:30:00.000Z
NULSUSDT,PERPETUAL,SETTLING,NULS,USDT,1724661000000,2024-08-26T08:30:00.000Z
DOGSUSDT,PERPETUAL,TRADING,DOGS,USDT,1724675400000,2024-08-26T12:30:00.000Z
MBOXUSDT,PERPETUAL,SETTLING,MBOX,USDT,1724837400000,2024-08-28T09:30:00.000Z
CHESSUSDT,PERPETUAL,SETTLING,CHESS,USDT,1724916600000,2024-08-29T07:30:00.000Z
FLUXUSDT,PERPETUAL,TRADING,FLUX,USDT,1725346800000,2024-09-03T07:00:00.000Z
BSWUSDT,PERPETUAL,SETTLING,BSW,USDT,1725516000000,2024-09-05T06:00:00.000Z
QUICKUSDT,PERPETUAL,SETTLING,QUICK,USDT,1725598800000,2024-09-06T05:00:00.000Z
NEIROETHUSDT,PERPETUAL,SETTLING,NEIROETH,USDT,1725631200000,2024-09-06T14:00:00.000Z
RPLUSDT,PERPETUAL,TRADING,RPL,USDT,1725885000000,2024-09-09T12:30:00.000Z
POLUSDT,PERPETUAL,TRADING,POL,USDT,1726229700000,2024-09-13T12:15:00.000Z
UXLINKUSDT,PERPETUAL,SETTLING,UXLINK,USDT,1726412400000,2024-09-15T15:00:00.000Z
NEIROUSDT,PERPETUAL,TRADING,NEIRO,USDT,1726486200000,2024-09-16T11:30:00.000Z
1MBABYDOGEUSDT,PERPETUAL,TRADING,1MBABYDOGE,USDT,1726486500000,2024-09-16T11:35:00.000Z
KDAUSDT,PERPETUAL,SETTLING,KDA,USDT,1726666200000,2024-09-18T13:30:00.000Z
FIDAUSDT,PERPETUAL,TRADING,FIDA,USDT,1726749000000,2024-09-19T12:30:00.000Z
FIOUSDT,PERPETUAL,SETTLING,FIO,USDT,1726831800000,2024-09-20T11:30:00.000Z
CATIUSDT,PERPETUAL,TRADING,CATI,USDT,1726831800000,2024-09-20T11:30:00.000Z
GHSTUSDT,PERPETUAL,SETTLING,GHST,USDT,1727096400000,2024-09-23T13:00:00.000Z
LOKAUSDT,PERPETUAL,SETTLING,LOKA,USDT,1727177400000,2024-09-24T11:30:00.000Z
HMSTRUSDT,PERPETUAL,TRADING,HMSTR,USDT,1727353800000,2024-09-26T12:30:00.000Z
REIUSDT,PERPETUAL,SETTLING,REI,USDT,1727434800000,2024-09-27T11:00:00.000Z
COSUSDT,PERPETUAL,SETTLING,COS,USDT,1727701200000,2024-09-30T13:00:00.000Z
EIGENUSDT,PERPETUAL,TRADING,EIGEN,USDT,1727762400000,2024-10-01T06:00:00.000Z
DIAUSDT,PERPETUAL,TRADING,DIA,USDT,1727872200000,2024-10-02T12:30:00.000Z
1000CATUSDT,PERPETUAL,TRADING,1000CAT,USDT,1729513800000,2024-10-21T12:30:00.000Z
SCRUSDT,PERPETUAL,TRADING,SCR,USDT,1729591200000,2024-10-22T10:00:00.000Z
GOATUSDT,PERPETUAL,TRADING,GOAT,USDT,1729776600000,2024-10-24T13:30:00.000Z
MOODENGUSDT,PERPETUAL,TRADING,MOODENG,USDT,1729850400000,2024-10-25T10:00:00.000Z
SAFEUSDT,PERPETUAL,TRADING,SAFE,USDT,1729859400000,2024-10-25T12:30:00.000Z
SANTOSUSDT,PERPETUAL,TRADING,SANTOS,USDT,1730124000000,2024-10-28T14:00:00.000Z
TROYUSDT,PERPETUAL,SETTLING,TROY,USDT,1730379600000,2024-10-31T13:00:00.000Z
PONKEUSDT,PERPETUAL,SETTLING,PONKE,USDT,1730723400000,2024-11-04T12:30:00.000Z
COWUSDT,PERPETUAL,TRADING,COW,USDT,1730899800000,2024-11-06T13:30:00.000Z
CETUSUSDT,PERPETUAL,TRADING,CETUS,USDT,1730901600000,2024-11-06T14:00:00.000Z
1000000MOGUSDT,PERPETUAL,TRADING,1000000MOG,USDT,1730982600000,2024-11-07T12:30:00.000Z
GRASSUSDT,PERPETUAL,TRADING,GRASS,USDT,1731079800000,2024-11-08T15:30:00.000Z
DRIFTUSDT,PERPETUAL,TRADING,DRIFT,USDT,1731080700000,2024-11-08T15:45:00.000Z
SWELLUSDT,PERPETUAL,SETTLING,SWELL,USDT,1731081600000,2024-11-08T16:00:00.000Z
ACTUSDT,PERPETUAL,TRADING,ACT,USDT,1731327300000,2024-11-11T12:15:00.000Z
PNUTUSDT,PERPETUAL,TRADING,PNUT,USDT,1731328200000,2024-11-11T12:30:00.000Z
HIPPOUSDT,PERPETUAL,SETTLING,HIPPO,USDT,1731501000000,2024-11-13T12:30:00.000Z
1000XUSDT,PERPETUAL,SETTLING,1000X,USDT,1731501000000,2024-11-13T12:30:00.000Z
DEGENUSDT,PERPETUAL,SETTLING,DEGEN,USDT,1731670200000,2024-11-15T11:30:00.000Z
BANUSDT,PERPETUAL,TRADING,BAN,USDT,1731929400000,2024-11-18T11:30:00.000Z
AKTUSDT,PERPETUAL,TRADING,AKT,USDT,1731929400000,2024-11-18T11:30:00.000Z
SLERFUSDT,PERPETUAL,SETTLING,SLERF,USDT,1732188600000,2024-11-21T11:30:00.000Z
SCRTUSDT,PERPETUAL,TRADING,SCRT,USDT,1732188600000,2024-11-21T11:30:00.000Z
1000WHYUSDT,PERPETUAL,SETTLING,1000WHY,USDT,1732534200000,2024-11-25T11:30:00.000Z
1000CHEEMSUSDT,PERPETUAL,TRADING,1000CHEEMS,USDT,1732535100000,2024-11-25T11:45:00.000Z
THEUSDT,PERPETUAL,TRADING,THE,USDT,1732709700000,2024-11-27T12:15:00.000Z
MORPHOUSDT,PERPETUAL,TRADING,MORPHO,USDT,1732717800000,2024-11-27T14:30:00.000Z
CHILLGUYUSDT,PERPETUAL,TRADING,CHILLGUY,USDT,1732718700000,2024-11-27T14:45:00.000Z
KAIAUSDT,PERPETUAL,TRADING,KAIA,USDT,1733320800000,2024-12-04T14:00:00.000Z
AEROUSDT,PERPETUAL,TRADING,AERO,USDT,1733321700000,2024-12-04T14:15:00.000Z
ACXUSDT,PERPETUAL,TRADING,ACX,USDT,1733497200000,2024-12-06T15:00:00.000Z
ORCAUSDT,PERPETUAL,TRADING,ORCA,USDT,1733497200000,2024-12-06T15:00:00.000Z
MOVEUSDT,PERPETUAL,TRADING,MOVE,USDT,1733752800000,2024-12-09T14:00:00.000Z
RAYSOLUSDT,PERPETUAL,TRADING,RAYSOL,USDT,1733832000000,2024-12-10T12:00:00.000Z
KOMAUSDT,PERPETUAL,TRADING,KOMA,USDT,1733832900000,2024-12-10T12:15:00.000Z
VIRTUALUSDT,PERPETUAL,TRADING,VIRTUAL,USDT,1733833800000,2024-12-10T12:30:00.000Z
SPXUSDT,PERPETUAL,TRADING,SPX,USDT,1733834700000,2024-12-10T12:45:00.000Z
MEUSDT,PERPETUAL,TRADING,ME,USDT,1733850000000,2024-12-10T17:00:00.000Z
AVAUSDT,PERPETUAL,TRADING,AVA,USDT,1734094800000,2024-12-13T13:00:00.000Z
DEGOUSDT,PERPETUAL,SETTLING,DEGO,USDT,1734095700000,2024-12-13T13:15:00.000Z
VELODROMEUSDT,PERPETUAL,TRADING,VELODROME,USDT,1734106500000,2024-12-13T16:15:00.000Z
MOCAUSDT,PERPETUAL,TRADING,MOCA,USDT,1734348600000,2024-12-16T11:30:00.000Z
VANAUSDT,PERPETUAL,TRADING,VANA,USDT,1734355800000,2024-12-16T13:30:00.000Z
PENGUUSDT,PERPETUAL,TRADING,PENGU,USDT,1734452100000,2024-12-17T16:15:00.000Z
LUMIAUSDT,PERPETUAL,TRADING,LUMIA,USDT,1734521400000,2024-12-18T11:30:00.000Z
USUALUSDT,PERPETUAL,TRADING,USUAL,USDT,1734526800000,2024-12-18T13:00:00.000Z
AIXBTUSDT,PERPETUAL,TRADING,AIXBT,USDT,1734719400000,2024-12-20T18:30:00.000Z
FARTCOINUSDT,PERPETUAL,TRADING,FARTCOIN,USDT,1734720300000,2024-12-20T18:45:00.000Z
KMNOUSDT,PERPETUAL,TRADING,KMNO,USDT,1734721200000,2024-12-20T19:00:00.000Z
CGPTUSDT,PERPETUAL,TRADING,CGPT,USDT,1734722100000,2024-12-20T19:15:00.000Z
HIVEUSDT,PERPETUAL,TRADING,HIVE,USDT,1734953400000,2024-12-23T11:30:00.000Z
DEXEUSDT,PERPETUAL,TRADING,DEXE,USDT,1735039800000,2024-12-24T11:30:00.000Z
PHAUSDT,PERPETUAL,TRADING,PHA,USDT,1735558200000,2024-12-30T11:30:00.000Z
DFUSDT,PERPETUAL,SETTLING,DF,USDT,1735559100000,2024-12-30T11:45:00.000Z
GRIFFAINUSDT,PERPETUAL,TRADING,GRIFFAIN,USDT,1735824600000,2025-01-02T13:30:00.000Z
AI16ZUSDT,PERPETUAL,SETTLING,AI16Z,USDT,1735825500000,2025-01-02T13:45:00.000Z
ZEREBROUSDT,PERPETUAL,TRADING,ZEREBRO,USDT,1735826400000,2025-01-02T14:00:00.000Z
BIOUSDT,PERPETUAL,TRADING,BIO,USDT,1735906500000,2025-01-03T12:15:00.000Z
COOKIEUSDT,PERPETUAL,TRADING,COOKIE,USDT,1736249400000,2025-01-07T11:30:00.000Z
ALCHUSDT,PERPETUAL,TRADING,ALCH,USDT,1736250300000,2025-01-07T11:45:00.000Z
SWARMSUSDT,PERPETUAL,TRADING,SWARMS,USDT,1736252100000,2025-01-07T12:15:00.000Z
SONICUSDT,PERPETUAL,TRADING,SONIC,USDT,1736319600000,2025-01-08T07:00:00.000Z
DUSDT,PERPETUAL,SETTLING,D,USDT,1736416800000,2025-01-09T10:00:00.000Z
PROMUSDT,PERPETUAL,TRADING,PROM,USDT,1736944200000,2025-01-15T12:30:00.000Z
SUSDT,PERPETUAL,TRADING,S,USDT,1737021600000,2025-01-16T10:00:00.000Z
SOLVUSDT,PERPETUAL,TRADING,SOLV,USDT,1737116100000,2025-01-17T12:15:00.000Z
ARCUSDT,PERPETUAL,TRADING,ARC,USDT,1737118800000,2025-01-17T13:00:00.000Z
AVAAIUSDT,PERPETUAL,TRADING,AVAAI,USDT,1737119700000,2025-01-17T13:15:00.000Z
TRUMPUSDT,PERPETUAL,TRADING,TRUMP,USDT,1737205200000,2025-01-18T13:00:00.000Z
MELANIAUSDT,PERPETUAL,TRADING,MELANIA,USDT,1737365400000,2025-01-20T09:30:00.000Z
VTHOUSDT,PERPETUAL,TRADING,VTHO,USDT,1737538200000,2025-01-22T09:30:00.000Z
ANIMEUSDT,PERPETUAL,TRADING,ANIME,USDT,1737651600000,2025-01-23T17:00:00.000Z
VINEUSDT,PERPETUAL,SETTLING,VINE,USDT,1737712800000,2025-01-24T10:00:00.000Z
PIPPINUSDT,PERPETUAL,TRADING,PIPPIN,USDT,1737713700000,2025-01-24T10:15:00.000Z
VVVUSDT,PERPETUAL,TRADING,VVV,USDT,1738138500000,2025-01-29T08:15:00.000Z
BERAUSDT,PERPETUAL,TRADING,BERA,USDT,1738854000000,2025-02-06T15:00:00.000Z
TSTUSDT,PERPETUAL,TRADING,TST,USDT,1739106000000,2025-02-09T13:00:00.000Z
LAYERUSDT,PERPETUAL,TRADING,LAYER,USDT,1739288700000,2025-02-11T15:45:00.000Z
HEIUSDT,PERPETUAL,TRADING,HEI,USDT,1739437200000,2025-02-13T09:00:00.000Z
B3USDT,PERPETUAL,SETTLING,B3,USDT,1739446200000,2025-02-13T11:30:00.000Z
IPUSDT,PERPETUAL,SETTLING,IP,USDT,1739466000000,2025-02-13T17:00:00.000Z
GPSUSDT,PERPETUAL,TRADING,GPS,USDT,1739811600000,2025-02-17T17:00:00.000Z
SHELLUSDT,PERPETUAL,TRADING,SHELL,USDT,1739812500000,2025-02-17T17:15:00.000Z
KAITOUSDT,PERPETUAL,TRADING,KAITO,USDT,1740056400000,2025-02-20T13:00:00.000Z
KAITOUSDC,PERPETUAL,TRADING,KAITO,USDC,1741168800000,2025-03-05T10:00:00.000Z
IPUSDC,PERPETUAL,SETTLING,IP,USDC,1741169700000,2025-03-05T10:15:00.000Z
TRUMPUSDC,PERPETUAL,TRADING,TRUMP,USDC,1741255200000,2025-03-06T10:00:00.000Z
ADAUSDC,PERPETUAL,TRADING,ADA,USDC,1741256100000,2025-03-06T10:15:00.000Z
REDUSDT,PERPETUAL,TRADING,RED,USDT,1741276800000,2025-03-06T16:00:00.000Z
PNUTUSDC,PERPETUAL,TRADING,PNUT,USDC,1741341600000,2025-03-07T10:00:00.000Z
HBARUSDC,PERPETUAL,TRADING,HBAR,USDC,1741342500000,2025-03-07T10:15:00.000Z
VICUSDT,PERPETUAL,TRADING,VIC,USDT,1741798800000,2025-03-12T17:00:00.000Z
EPICUSDT,PERPETUAL,TRADING,EPIC,USDT,1741852800000,2025-03-13T08:00:00.000Z
BMTUSDT,PERPETUAL,TRADING,BMT,USDT,1742218200000,2025-03-17T13:30:00.000Z
MUBARAKUSDT,PERPETUAL,TRADING,MUBARAK,USDT,1742219100000,2025-03-17T13:45:00.000Z
FORMUSDT,PERPETUAL,TRADING,FORM,USDT,1742371200000,2025-03-19T08:00:00.000Z
TUTUSDT,PERPETUAL,TRADING,TUT,USDT,1742461200000,2025-03-20T09:00:00.000Z
BIDUSDT,PERPETUAL,SETTLING,BID,USDT,1742463000000,2025-03-20T09:30:00.000Z
BROCCOLI714USDT,PERPETUAL,TRADING,BROCCOLI714,USDT,1742547600000,2025-03-21T09:00:00.000Z
BROCCOLIF3BUSDT,PERPETUAL,TRADING,BROCCOLIF3B,USDT,1742548500000,2025-03-21T09:15:00.000Z
BRUSDT,PERPETUAL,TRADING,BR,USDT,1742561100000,2025-03-21T12:45:00.000Z
PLUMEUSDT,PERPETUAL,TRADING,PLUME,USDT,1742562000000,2025-03-21T13:00:00.000Z
SIRENUSDT,PERPETUAL,TRADING,SIREN,USDT,1742634000000,2025-03-22T09:00:00.000Z
BANANAS31USDT,PERPETUAL,TRADING,BANANAS31,USDT,1742634900000,2025-03-22T09:15:00.000Z
NILUSDT,PERPETUAL,TRADING,NIL,USDT,1742821200000,2025-03-24T13:00:00.000Z
PARTIUSDT,PERPETUAL,TRADING,PARTI,USDT,1742907600000,2025-03-25T13:00:00.000Z
JELLYJELLYUSDT,PERPETUAL,TRADING,JELLYJELLY,USDT,1743004800000,2025-03-26T16:00:00.000Z
MAVIAUSDT,PERPETUAL,TRADING,MAVIA,USDT,1743008400000,2025-03-26T17:00:00.000Z
PAXGUSDT,PERPETUAL,TRADING,PAXG,USDT,1743071400000,2025-03-27T10:30:00.000Z
WALUSDT,PERPETUAL,TRADING,WAL,USDT,1743089400000,2025-03-27T15:30:00.000Z
FUNUSDT,PERPETUAL,SETTLING,FUN,USDT,1743409800000,2025-03-31T08:30:00.000Z
MLNUSDT,PERPETUAL,SETTLING,MLN,USDT,1743410700000,2025-03-31T08:45:00.000Z
GUNUSDT,PERPETUAL,TRADING,GUN,USDT,1743426000000,2025-03-31T13:00:00.000Z
ATHUSDT,PERPETUAL,TRADING,ATH,USDT,1743608700000,2025-04-02T15:45:00.000Z
BABYUSDT,PERPETUAL,TRADING,BABY,USDT,1743859800000,2025-04-05T13:30:00.000Z
FORTHUSDT,PERPETUAL,SETTLING,FORTH,USDT,1744101000000,2025-04-08T08:30:00.000Z
PROMPTUSDT,PERPETUAL,TRADING,PROMPT,USDT,1744353000000,2025-04-11T06:30:00.000Z
XCNUSDT,PERPETUAL,SETTLING,XCN,USDT,1744385400000,2025-04-11T15:30:00.000Z
STOUSDT,PERPETUAL,TRADING,STO,USDT,1744469100000,2025-04-12T14:45:00.000Z
FHEUSDT,PERPETUAL,TRADING,FHE,USDT,1744470000000,2025-04-12T15:00:00.000Z
KERNELUSDT,PERPETUAL,TRADING,KERNEL,USDT,1744632000000,2025-04-14T12:00:00.000Z
WCTUSDT,PERPETUAL,TRADING,WCT,USDT,1744714800000,2025-04-15T11:00:00.000Z
INITUSDT,PERPETUAL,TRADING,INIT,USDT,1744785000000,2025-04-16T06:30:00.000Z
AERGOUSDT,PERPETUAL,TRADING,AERGO,USDT,1744801200000,2025-04-16T11:00:00.000Z
BANKUSDT,PERPETUAL,TRADING,BANK,USDT,1745001000000,2025-04-18T18:30:00.000Z
EPTUSDT,PERPETUAL,SETTLING,EPT,USDT,1745240400000,2025-04-21T13:00:00.000Z
DEEPUSDT,PERPETUAL,TRADING,DEEP,USDT,1745310600000,2025-04-22T08:30:00.000Z
HYPERUSDT,PERPETUAL,TRADING,HYPER,USDT,1745326800000,2025-04-22T13:00:00.000Z
MEMEFIUSDT,PERPETUAL,SETTLING,MEMEFI,USDT,1745565300000,2025-04-25T07:15:00.000Z
FISUSDT,PERPETUAL,SETTLING,FIS,USDT,1745566200000,2025-04-25T07:30:00.000Z
JSTUSDT,PERPETUAL,TRADING,JST,USDT,1745832600000,2025-04-28T09:30:00.000Z
SIGNUSDT,PERPETUAL,TRADING,SIGN,USDT,1745838000000,2025-04-28T11:00:00.000Z
PUNDIXUSDT,PERPETUAL,TRADING,PUNDIX,USDT,1746007200000,2025-04-30T10:00:00.000Z
CTKUSDT,PERPETUAL,TRADING,CTK,USDT,1746008100000,2025-04-30T10:15:00.000Z
AIOTUSDT,PERPETUAL,TRADING,AIOT,USDT,1746016200000,2025-04-30T12:30:00.000Z
DOLOUSDT,PERPETUAL,TRADING,DOLO,USDT,1746068400000,2025-05-01T03:00:00.000Z
HAEDALUSDT,PERPETUAL,TRADING,HAEDAL,USDT,1746069300000,2025-05-01T03:15:00.000Z
SXTUSDT,PERPETUAL,TRADING,SXT,USDT,1746174600000,2025-05-02T08:30:00.000Z
ASRUSDT,PERPETUAL,TRADING,ASR,USDT,1746523800000,2025-05-06T09:30:00.000Z
ALPINEUSDT,PERPETUAL,TRADING,ALPINE,USDT,1746524700000,2025-05-06T09:45:00.000Z
B2USDT,PERPETUAL,TRADING,B2,USDT,1746538200000,2025-05-06T13:30:00.000Z
MILKUSDT,PERPETUAL,SETTLING,MILK,USDT,1746539100000,2025-05-06T13:45:00.000Z
SYRUPUSDT,PERPETUAL,TRADING,SYRUP,USDT,1746606600000,2025-05-07T08:30:00.000Z
OBOLUSDT,PERPETUAL,SETTLING,OBOL,USDT,1746613800000,2025-05-07T10:30:00.000Z
DOODUSDT,PERPETUAL,TRADING,DOOD,USDT,1746797400000,2025-05-09T13:30:00.000Z
OGUSDT,PERPETUAL,TRADING,OG,USDT,1747040400000,2025-05-12T09:00:00.000Z
ZKJUSDT,PERPETUAL,SETTLING,ZKJ,USDT,1747128600000,2025-05-13T09:30:00.000Z
SKYAIUSDT,PERPETUAL,TRADING,SKYAI,USDT,1747129500000,2025-05-13T09:45:00.000Z
NXPCUSDT,PERPETUAL,TRADING,NXPC,USDT,1747290600000,2025-05-15T06:30:00.000Z
CVCUSDT,PERPETUAL,TRADING,CVC,USDT,1747384200000,2025-05-16T08:30:00.000Z
AGTUSDT,PERPETUAL,TRADING,AGT,USDT,1747737000000,2025-05-20T10:30:00.000Z
AWEUSDT,PERPETUAL,TRADING,AWE,USDT,1747814400000,2025-05-21T08:00:00.000Z
BUSDT,PERPETUAL,TRADING,B,USDT,1747931400000,2025-05-22T16:30:00.000Z
SOONUSDT,PERPETUAL,TRADING,SOON,USDT,1747989000000,2025-05-23T08:30:00.000Z
HUMAUSDT,PERPETUAL,TRADING,HUMA,USDT,1748264400000,2025-05-26T13:00:00.000Z
AUSDT,PERPETUAL,TRADING,A,USDT,1748419200000,2025-05-28T08:00:00.000Z
SOPHUSDT,PERPETUAL,TRADING,SOPH,USDT,1748437200000,2025-05-28T13:00:00.000Z
MERLUSDT,PERPETUAL,TRADING,MERL,USDT,1748507400000,2025-05-29T08:30:00.000Z
HYPEUSDT,PERPETUAL,TRADING,HYPE,USDT,1748601000000,2025-05-30T10:30:00.000Z
PUFFERUSDT,PERPETUAL,SETTLING,PUFFER,USDT,1749025800000,2025-06-04T08:30:00.000Z
PORT3USDT,PERPETUAL,SETTLING,PORT3,USDT,1749026700000,2025-06-04T08:45:00.000Z
1000000BOBUSDT,PERPETUAL,TRADING,1000000BOB,USDT,1749112200000,2025-06-05T08:30:00.000Z
LAUSDT,PERPETUAL,TRADING,LA,USDT,1749114000000,2025-06-05T09:00:00.000Z
SKATEUSDT,PERPETUAL,SETTLING,SKATE,USDT,1749465000000,2025-06-09T10:30:00.000Z
HOMEUSDT,PERPETUAL,TRADING,HOME,USDT,1749555000000,2025-06-10T11:30:00.000Z
RESOLVUSDT,PERPETUAL,TRADING,RESOLV,USDT,1749562200000,2025-06-10T13:30:00.000Z
TAIKOUSDT,PERPETUAL,TRADING,TAIKO,USDT,1749645000000,2025-06-11T12:30:00.000Z
SQDUSDT,PERPETUAL,TRADING,SQD,USDT,1749645900000,2025-06-11T12:45:00.000Z
PUMPBTCUSDT,PERPETUAL,TRADING,PUMPBTC,USDT,1749808800000,2025-06-13T10:00:00.000Z
AAVEUSDC,PERPETUAL,TRADING,AAVE,USDC,1750062600000,2025-06-16T08:30:00.000Z
UNIUSDC,PERPETUAL,TRADING,UNI,USDC,1750063500000,2025-06-16T08:45:00.000Z
SPKUSDT,PERPETUAL,TRADING,SPK,USDT,1750150800000,2025-06-17T09:00:00.000Z
MYXUSDT,PERPETUAL,TRADING,MYX,USDT,1750249800000,2025-06-18T12:30:00.000Z
FUSDT,PERPETUAL,TRADING,F,USDT,1750250700000,2025-06-18T12:45:00.000Z
NEWTUSDT,PERPETUAL,TRADING,NEWT,USDT,1750343400000,2025-06-19T14:30:00.000Z
DMCUSDT,PERPETUAL,SETTLING,DMC,USDT,1750770000000,2025-06-24T13:00:00.000Z
HUSDT,PERPETUAL,TRADING,H,USDT,1750843800000,2025-06-25T09:30:00.000Z
OLUSDT,PERPETUAL,SETTLING,OL,USDT,1750851000000,2025-06-25T11:30:00.000Z
SAHARAUSDT,PERPETUAL,TRADING,SAHARA,USDT,1750939200000,2025-06-26T12:00:00.000Z
ICNTUSDT,PERPETUAL,TRADING,ICNT,USDT,1751547600000,2025-07-03T13:00:00.000Z
BULLAUSDT,PERPETUAL,TRADING,BULLA,USDT,1751619600000,2025-07-04T09:00:00.000Z
IDOLUSDT,PERPETUAL,TRADING,IDOL,USDT,1751620500000,2025-07-04T09:15:00.000Z
MUSDT,PERPETUAL,TRADING,M,USDT,1751880600000,2025-07-07T09:30:00.000Z
TANSSIUSDT,PERPETUAL,SETTLING,TANSSI,USDT,1752060600000,2025-07-09T11:30:00.000Z
PUMPUSDT,PERPETUAL,TRADING,PUMP,USDT,1752132600000,2025-07-10T07:30:00.000Z
CROSSUSDT,PERPETUAL,TRADING,CROSS,USDT,1752143400000,2025-07-10T10:30:00.000Z
AINUSDT,PERPETUAL,TRADING,AIN,USDT,1752144300000,2025-07-10T10:45:00.000Z
CUSDT,PERPETUAL,TRADING,C,USDT,1752570000000,2025-07-15T09:00:00.000Z
VELVETUSDT,PERPETUAL,TRADING,VELVET,USDT,1752570900000,2025-07-15T09:15:00.000Z
TACUSDT,PERPETUAL,TRADING,TAC,USDT,1752575400000,2025-07-15T10:30:00.000Z
ERAUSDT,PERPETUAL,TRADING,ERA,USDT,1752766200000,2025-07-17T15:30:00.000Z
TAUSDT,PERPETUAL,TRADING,TA,USDT,1753083000000,2025-07-21T07:30:00.000Z
PENGUUSDC,PERPETUAL,TRADING,PENGU,USDC,1753255800000,2025-07-23T07:30:00.000Z
CVXUSDT,PERPETUAL,TRADING,CVX,USDT,1753270200000,2025-07-23T11:30:00.000Z
SLPUSDT,PERPETUAL,TRADING,SLP,USDT,1753271100000,2025-07-23T11:45:00.000Z
ZORAUSDT,PERPETUAL,TRADING,ZORA,USDT,1753441200000,2025-07-25T11:00:00.000Z
TAGUSDT,PERPETUAL,TRADING,TAG,USDT,1753442100000,2025-07-25T11:15:00.000Z
ZRCUSDT,PERPETUAL,SETTLING,ZRC,USDT,1753782300000,2025-07-29T09:45:00.000Z
ESPORTSUSDT,PERPETUAL,TRADING,ESPORTS,USDT,1753783200000,2025-07-29T10:00:00.000Z
TREEUSDT,PERPETUAL,TRADING,TREE,USDT,1753797600000,2025-07-29T14:00:00.000Z
A2ZUSDT,PERPETUAL,SETTLING,A2Z,USDT,1753862400000,2025-07-30T08:00:00.000Z
PLAYUSDT,PERPETUAL,TRADING,PLAY,USDT,1753954200000,2025-07-31T09:30:00.000Z
NAORISUSDT,PERPETUAL,TRADING,NAORIS,USDT,1753965000000,2025-07-31T12:30:00.000Z
TOWNSUSDT,PERPETUAL,TRADING,TOWNS,USDT,1754404200000,2025-08-05T14:30:00.000Z
PROVEUSDT,PERPETUAL,TRADING,PROVE,USDT,1754413200000,2025-08-05T17:00:00.000Z
ALLUSDT,PERPETUAL,TRADING,ALL,USDT,1754472600000,2025-08-06T09:30:00.000Z
INUSDT,PERPETUAL,TRADING,IN,USDT,1754562600000,2025-08-07T10:30:00.000Z
YALAUSDT,PERPETUAL,SETTLING,YALA,USDT,1754584200000,2025-08-07T16:30:00.000Z
CARVUSDT,PERPETUAL,TRADING,CARV,USDT,1754585100000,2025-08-07T16:45:00.000Z
AIOUSDT,PERPETUAL,TRADING,AIO,USDT,1755084600000,2025-08-13T11:30:00.000Z
XNYUSDT,PERPETUAL,TRADING,XNY,USDT,1755085500000,2025-08-13T11:45:00.000Z
USELESSUSDT,PERPETUAL,TRADING,USELESS,USDT,1755260100000,2025-08-15T12:15:00.000Z
DAMUSDT,PERPETUAL,SETTLING,DAM,USDT,1755520200000,2025-08-18T12:30:00.000Z
CUDISUSDT,PERPETUAL,SETTLING,CUDIS,USDT,1755688500000,2025-08-20T11:15:00.000Z
SAPIENUSDT,PERPETUAL,TRADING,SAPIEN,USDT,1755711000000,2025-08-20T17:30:00.000Z
XPLUSDT,PERPETUAL,TRADING,XPL,USDT,1755855000000,2025-08-22T09:30:00.000Z
WLFIUSDT,PERPETUAL,TRADING,WLFI,USDT,1755937800000,2025-08-23T08:30:00.000Z
BIOUSDC,PERPETUAL,TRADING,BIO,USDC,1756106100000,2025-08-25T07:15:00.000Z
SOMIUSDT,PERPETUAL,TRADING,SOMI,USDT,1756114200000,2025-08-25T09:30:00.000Z
BASUSDT,PERPETUAL,TRADING,BAS,USDT,1756215000000,2025-08-26T13:30:00.000Z
BTRUSDT,PERPETUAL,TRADING,BTR,USDT,1756290600000,2025-08-27T10:30:00.000Z
MITOUSDT,PERPETUAL,TRADING,MITO,USDT,1756398600000,2025-08-28T16:30:00.000Z
HEMIUSDT,PERPETUAL,TRADING,HEMI,USDT,1756441800000,2025-08-29T04:30:00.000Z
LINEAUSDT,PERPETUAL,TRADING,LINEA,USDT,1756715400000,2025-09-01T08:30:00.000Z
QUSDT,PERPETUAL,TRADING,Q,USDT,1756798200000,2025-09-02T07:30:00.000Z
ARIAUSDT,PERPETUAL,TRADING,ARIA,USDT,1756897200000,2025-09-03T11:00:00.000Z
TAKEUSDT,PERPETUAL,TRADING,TAKE,USDT,1756898100000,2025-09-03T11:15:00.000Z
PTBUSDT,PERPETUAL,TRADING,PTB,USDT,1756902600000,2025-09-03T12:30:00.000Z
WLFIUSDC,PERPETUAL,TRADING,WLFI,USDC,1757320200000,2025-09-08T08:30:00.000Z
OPENUSDT,PERPETUAL,TRADING,OPEN,USDT,1757336400000,2025-09-08T13:00:00.000Z
FLOCKUSDT,PERPETUAL,TRADING,FLOCK,USDT,1757400300000,2025-09-09T06:45:00.000Z
SKYUSDT,PERPETUAL,TRADING,SKY,USDT,1757401200000,2025-09-09T07:00:00.000Z
AVNTUSDT,PERPETUAL,TRADING,AVNT,USDT,1757430000000,2025-09-09T15:00:00.000Z
HOLOUSDT,PERPETUAL,TRADING,HOLO,USDT,1757592000000,2025-09-11T12:00:00.000Z
XPINUSDT,PERPETUAL,TRADING,XPIN,USDT,1757664000000,2025-09-12T08:00:00.000Z
UBUSDT,PERPETUAL,TRADING,UB,USDT,1757673000000,2025-09-12T10:30:00.000Z
ZKCUSDT,PERPETUAL,TRADING,ZKC,USDT,1757944800000,2025-09-15T14:00:00.000Z
TOSHIUSDT,PERPETUAL,TRADING,TOSHI,USDT,1758087000000,2025-09-17T05:30:00.000Z
STBLUSDT,PERPETUAL,TRADING,STBL,USDT,1758087900000,2025-09-17T05:45:00.000Z
0GUSDT,PERPETUAL,TRADING,0G,USDT,1758123900000,2025-09-17T15:45:00.000Z
BARDUSDT,PERPETUAL,TRADING,BARD,USDT,1758193200000,2025-09-18T11:00:00.000Z
ASTERUSDT,PERPETUAL,TRADING,ASTER,USDT,1758283200000,2025-09-19T12:00:00.000Z
TRADOORUSDT,PERPETUAL,TRADING,TRADOOR,USDT,1758285000000,2025-09-19T12:30:00.000Z
BLESSUSDT,PERPETUAL,TRADING,BLESS,USDT,1758619800000,2025-09-23T09:30:00.000Z
FLUIDUSDT,PERPETUAL,TRADING,FLUID,USDT,1758708900000,2025-09-24T10:15:00.000Z
COAIUSDT,PERPETUAL,TRADING,COAI,USDT,1758785400000,2025-09-25T07:30:00.000Z
HANAUSDT,PERPETUAL,TRADING,HANA,USDT,1758886200000,2025-09-26T11:30:00.000Z
MIRAUSDT,PERPETUAL,TRADING,MIRA,USDT,1758888000000,2025-09-26T12:00:00.000Z
AKEUSDT,PERPETUAL,TRADING,AKE,USDT,1758889800000,2025-09-26T12:30:00.000Z
ORDERUSDT,PERPETUAL,TRADING,ORDER,USDT,1758890700000,2025-09-26T12:45:00.000Z
LIGHTUSDT,PERPETUAL,TRADING,LIGHT,USDT,1758972600000,2025-09-27T11:30:00.000Z
XANUSDT,PERPETUAL,TRADING,XAN,USDT,1759141800000,2025-09-29T10:30:00.000Z
FFUSDT,PERPETUAL,TRADING,FF,USDT,1759152600000,2025-09-29T13:30:00.000Z
EDENUSDT,PERPETUAL,TRADING,EDEN,USDT,1759230000000,2025-09-30T11:00:00.000Z
VFYUSDT,PERPETUAL,SETTLING,VFY,USDT,1759233600000,2025-09-30T12:00:00.000Z
NOMUSDT,PERPETUAL,TRADING,NOM,USDT,1759305600000,2025-10-01T08:00:00.000Z
TRUTHUSDT,PERPETUAL,TRADING,TRUTH,USDT,1759320000000,2025-10-01T12:00:00.000Z
2ZUSDT,PERPETUAL,TRADING,2Z,USDT,1759408200000,2025-10-02T12:30:00.000Z
EVAAUSDT,PERPETUAL,TRADING,EVAA,USDT,1759487400000,2025-10-03T10:30:00.000Z
LYNUSDT,PERPETUAL,TRADING,LYN,USDT,1759735800000,2025-10-06T07:30:00.000Z
KGENUSDT,PERPETUAL,TRADING,KGEN,USDT,1759847400000,2025-10-07T14:30:00.000Z
4USDT,PERPETUAL,TRADING,4,USDT,1759923000000,2025-10-08T11:30:00.000Z
GIGGLEUSDT,PERPETUAL,TRADING,GIGGLE,USDT,1760003100000,2025-10-09T09:45:00.000Z
MONUSDT,PERPETUAL,TRADING,MON,USDT,1760080500000,2025-10-10T07:15:00.000Z
YBUSDT,PERPETUAL,TRADING,YB,USDT,1760107500000,2025-10-10T14:45:00.000Z
METUSDT,PERPETUAL,TRADING,MET,USDT,1760185800000,2025-10-11T12:30:00.000Z
EULUSDT,PERPETUAL,TRADING,EUL,USDT,1760365800000,2025-10-13T14:30:00.000Z
ENSOUSDT,PERPETUAL,TRADING,ENSO,USDT,1760432400000,2025-10-14T09:00:00.000Z
CLOUSDT,PERPETUAL,TRADING,CLO,USDT,1760441400000,2025-10-14T11:30:00.000Z
RECALLUSDT,PERPETUAL,TRADING,RECALL,USDT,1760531400000,2025-10-15T12:30:00.000Z
ZBTUSDT,PERPETUAL,TRADING,ZBT,USDT,1760700600000,2025-10-17T11:30:00.000Z
LABUSDT,PERPETUAL,TRADING,LAB,USDT,1760711400000,2025-10-17T14:30:00.000Z
RIVERUSDT,PERPETUAL,TRADING,RIVER,USDT,1760712300000,2025-10-17T14:45:00.000Z
RVVUSDT,PERPETUAL,SETTLING,RVV,USDT,1760794200000,2025-10-18T13:30:00.000Z
币安人生USDT,PERPETUAL,TRADING,币安人生,USDT,1760958000000,2025-10-20T11:00:00.000Z
BLUAIUSDT,PERPETUAL,TRADING,BLUAI,USDT,1761046200000,2025-10-21T11:30:00.000Z
TURTLEUSDT,PERPETUAL,TRADING,TURTLE,USDT,1761145200000,2025-10-22T15:00:00.000Z
APRUSDT,PERPETUAL,TRADING,APR,USDT,1761215400000,2025-10-23T10:30:00.000Z
ONUSDT,PERPETUAL,TRADING,ON,USDT,1761294600000,2025-10-24T08:30:00.000Z
42USDT,PERPETUAL,SETTLING,42,USDT,1761561000000,2025-10-27T10:30:00.000Z
COMMONUSDT,PERPETUAL,SETTLING,COMMON,USDT,1761568200000,2025-10-27T12:30:00.000Z
KITEUSDT,PERPETUAL,TRADING,KITE,USDT,1761733800000,2025-10-29T10:30:00.000Z
ATUSDT,PERPETUAL,TRADING,AT,USDT,1761737400000,2025-10-29T11:30:00.000Z
CCUSDT,PERPETUAL,TRADING,CC,USDT,1761912000000,2025-10-31T12:00:00.000Z
MMTUSDT,PERPETUAL,TRADING,MMT,USDT,1762257600000,2025-11-04T12:00:00.000Z
TRUSTUSDT,PERPETUAL,TRADING,TRUST,USDT,1762335000000,2025-11-05T09:30:00.000Z
UAIUSDT,PERPETUAL,TRADING,UAI,USDT,1762428600000,2025-11-06T11:30:00.000Z
STABLEUSDT,PERPETUAL,TRADING,STABLE,USDT,1762430400000,2025-11-06T12:00:00.000Z
FOLKSUSDT,PERPETUAL,TRADING,FOLKS,USDT,1762432200000,2025-11-06T12:30:00.000Z
JCTUSDT,PERPETUAL,TRADING,JCT,USDT,1762770600000,2025-11-10T10:30:00.000Z
ALLOUSDT,PERPETUAL,TRADING,ALLO,USDT,1762869600000,2025-11-11T14:00:00.000Z
CLANKERUSDT,PERPETUAL,TRADING,CLANKER,USDT,1762948800000,2025-11-12T12:00:00.000Z
BEATUSDT,PERPETUAL,TRADING,BEAT,USDT,1762949700000,2025-11-12T12:15:00.000Z
PIEVERSEUSDT,PERPETUAL,TRADING,PIEVERSE,USDT,1763119800000,2025-11-14T11:30:00.000Z
SENTUSDT,PERPETUAL,TRADING,SENT,USDT,1763124300000,2025-11-14T12:45:00.000Z
ZECUSDC,PERPETUAL,TRADING,ZEC,USDC,1763548200000,2025-11-19T10:30:00.000Z
GAIBUSDT,PERPETUAL,PENDING_TRADING,GAIB,USDT,1763629200000,2025-11-20T09:00:00.000Z
BOBUSDT,PERPETUAL,SETTLING,BOB,USDT,1763721900000,2025-11-21T10:45:00.000Z
IRYSUSDT,PERPETUAL,TRADING,IRYS,USDT,1764172800000,2025-11-26T16:00:00.000Z
RLSUSDT,PERPETUAL,SETTLING,RLS,USDT,1764669600000,2025-12-02T10:00:00.000Z
POWERUSDT,PERPETUAL,TRADING,POWER,USDT,1765011600000,2025-12-06T09:00:00.000Z
WETUSDT,PERPETUAL,TRADING,WET,USDT,1765350000000,2025-12-10T07:00:00.000Z
NIGHTUSDT,PERPETUAL,TRADING,NIGHT,USDT,1765364400000,2025-12-10T11:00:00.000Z
XAUUSDT,TRADIFI_PERPETUAL,TRADING,XAU,USDT,1765440300000,2025-12-11T08:05:00.000Z
USUSDT,PERPETUAL,TRADING,US,USDT,1765536300000,2025-12-12T10:45:00.000Z
CYSUSDT,PERPETUAL,TRADING,CYS,USDT,1765537200000,2025-12-12T11:00:00.000Z
RAVEUSDT,PERPETUAL,TRADING,RAVE,USDT,1765726200000,2025-12-14T15:30:00.000Z
ZKPUSDT,PERPETUAL,TRADING,ZKP,USDT,1766311200000,2025-12-21T10:00:00.000Z
GUAUSDT,PERPETUAL,TRADING,GUA,USDT,1766312100000,2025-12-21T10:15:00.000Z
IRUSDT,PERPETUAL,SETTLING,IR,USDT,1766313000000,2025-12-21T10:30:00.000Z
LITUSDT,PERPETUAL,TRADING,LIT,USDT,1766511000000,2025-12-23T17:30:00.000Z
BREVUSDT,PERPETUAL,TRADING,BREV,USDT,1767091500000,2025-12-30T10:45:00.000Z
COLLECTUSDT,PERPETUAL,TRADING,COLLECT,USDT,1767186900000,2025-12-31T13:15:00.000Z
MAGMAUSDT,PERPETUAL,TRADING,MAGMA,USDT,1767187800000,2025-12-31T13:30:00.000Z
XAGUSDT,TRADIFI_PERPETUAL,TRADING,XAG,USDT,1767780000000,2026-01-07T10:00:00.000Z
ZAMAUSDT,PERPETUAL,TRADING,ZAMA,USDT,1767949200000,2026-01-09T09:00:00.000Z
FOGOUSDT,PERPETUAL,TRADING,FOGO,USDT,1768053600000,2026-01-10T14:00:00.000Z
FRAXUSDT,PERPETUAL,TRADING,FRAX,USDT,1768464000000,2026-01-15T08:00:00.000Z
SPORTFUNUSDT,PERPETUAL,TRADING,SPORTFUN,USDT,1768571100000,2026-01-16T13:45:00.000Z
AIAUSDT,PERPETUAL,TRADING,AIA,USDT,1768907700000,2026-01-20T11:15:00.000Z
ACUUSDT,PERPETUAL,TRADING,ACU,USDT,1768999500000,2026-01-21T12:45:00.000Z
我踏马来了USDT,PERPETUAL,TRADING,我踏马来了,USDT,1769005800000,2026-01-21T14:30:00.000Z
ELSAUSDT,PERPETUAL,TRADING,ELSA,USDT,1769066700000,2026-01-22T07:25:00.000Z
SKRUSDT,PERPETUAL,TRADING,SKR,USDT,1769078700000,2026-01-22T10:45:00.000Z
SPACEUSDT,PERPETUAL,TRADING,SPACE,USDT,1769168700000,2026-01-23T11:45:00.000Z
FIGHTUSDT,PERPETUAL,TRADING,FIGHT,USDT,1769170500000,2026-01-23T12:15:00.000Z
TSLAUSDT,TRADIFI_PERPETUAL,TRADING,TSLA,USDT,1769610600000,2026-01-28T14:30:00.000Z
BIRBUSDT,PERPETUAL,TRADING,BIRB,USDT,1769663700000,2026-01-29T05:15:00.000Z
GWEIUSDT,PERPETUAL,TRADING,GWEI,USDT,1769664600000,2026-01-29T05:30:00.000Z
XPTUSDT,TRADIFI_PERPETUAL,TRADING,XPT,USDT,1769767200000,2026-01-30T10:00:00.000Z
XPDUSDT,TRADIFI_PERPETUAL,TRADING,XPD,USDT,1769768100000,2026-01-30T10:15:00.000Z
MEGAUSDT,PERPETUAL,TRADING,MEGA,USDT,1769775300000,2026-01-30T12:15:00.000Z
INXUSDT,PERPETUAL,TRADING,INX,USDT,1769799600000,2026-01-30T19:00:00.000Z
INTCUSDT,TRADIFI_PERPETUAL,TRADING,INTC,USDT,1770042600000,2026-02-02T14:30:00.000Z
HOODUSDT,TRADIFI_PERPETUAL,TRADING,HOOD,USDT,1770043500000,2026-02-02T14:45:00.000Z
TRIAUSDT,PERPETUAL,TRADING,TRIA,USDT,1770380100000,2026-02-06T12:15:00.000Z
MSTRUSDT,TRADIFI_PERPETUAL,TRADING,MSTR,USDT,1770647400000,2026-02-09T14:30:00.000Z
AMZNUSDT,TRADIFI_PERPETUAL,TRADING,AMZN,USDT,1770648000000,2026-02-09T14:40:00.000Z
CRCLUSDT,TRADIFI_PERPETUAL,TRADING,CRCL,USDT,1770648600000,2026-02-09T14:50:00.000Z
COINUSDT,TRADIFI_PERPETUAL,TRADING,COIN,USDT,1770649200000,2026-02-09T15:00:00.000Z
PLTRUSDT,TRADIFI_PERPETUAL,TRADING,PLTR,USDT,1770649800000,2026-02-09T15:10:00.000Z
ESPUSDT,PERPETUAL,TRADING,ESP,USDT,1770711000000,2026-02-10T08:10:00.000Z
AZTECUSDT,PERPETUAL,TRADING,AZTEC,USDT,1770784200000,2026-02-11T04:30:00.000Z
OPNUSDT,PERPETUAL,TRADING,OPN,USDT,1771686000000,2026-02-21T15:00:00.000Z
ROBOUSDT,PERPETUAL,TRADING,ROBO,USDT,1772181900000,2026-02-27T08:45:00.000Z
KATUSDT,PERPETUAL,TRADING,KAT,USDT,1772427600000,2026-03-02T05:00:00.000Z
MANTRAUSDT,PERPETUAL,TRADING,MANTRA,USDT,1772611200000,2026-03-04T08:00:00.000Z
COPPERUSDT,TRADIFI_PERPETUAL,TRADING,COPPER,USDT,1772787600000,2026-03-06T09:00:00.000Z
龙虾USDT,PERPETUAL,TRADING,龙虾,USDT,1773228600000,2026-03-11T11:30:00.000Z
CFGUSDT,PERPETUAL,TRADING,CFG,USDT,1773666000000,2026-03-16T13:00:00.000Z
EWYUSDT,TRADIFI_PERPETUAL,TRADING,EWY,USDT,1773667800000,2026-03-16T13:30:00.000Z
EWJUSDT,TRADIFI_PERPETUAL,TRADING,EWJ,USDT,1773927000000,2026-03-19T13:30:00.000Z
EDGEUSDT,PERPETUAL,TRADING,EDGE,USDT,1773928800000,2026-03-19T14:00:00.000Z
PAYPUSDT,TRADIFI_PERPETUAL,TRADING,PAYP,USDT,1774276200000,2026-03-23T14:30:00.000Z
BSBUSDT,PERPETUAL,TRADING,BSB,USDT,1774439100000,2026-03-25T11:45:00.000Z
XAUTUSDT,PERPETUAL,TRADING,XAUT,USDT,1774533600000,2026-03-26T14:00:00.000Z
METAUSDT,TRADIFI_PERPETUAL,TRADING,META,USDT,1774535400000,2026-03-26T14:30:00.000Z
NVDAUSDT,TRADIFI_PERPETUAL,TRADING,NVDA,USDT,1774536000000,2026-03-26T14:40:00.000Z
GOOGLUSDT,TRADIFI_PERPETUAL,TRADING,GOOGL,USDT,1774536600000,2026-03-26T14:50:00.000Z
BASEDUSDT,PERPETUAL,TRADING,BASED,USDT,1774864800000,2026-03-30T10:00:00.000Z
CLUSDT,TRADIFI_PERPETUAL,TRADING,CL,USDT,1775034000000,2026-04-01T09:00:00.000Z
BZUSDT,TRADIFI_PERPETUAL,TRADING,BZ,USDT,1775034600000,2026-04-01T09:10:00.000Z
NATGASUSDT,TRADIFI_PERPETUAL,TRADING,NATGAS,USDT,1775035200000,2026-04-01T09:20:00.000Z
PRLUSDT,PERPETUAL,TRADING,PRL,USDT,1775039400000,2026-04-01T10:30:00.000Z
QQQUSDT,TRADIFI_PERPETUAL,TRADING,QQQ,USDT,1775482200000,2026-04-06T13:30:00.000Z
SPYUSDT,TRADIFI_PERPETUAL,TRADING,SPY,USDT,1775482800000,2026-04-06T13:40:00.000Z
AAPLUSDT,TRADIFI_PERPETUAL,TRADING,AAPL,USDT,1775483400000,2026-04-06T13:50:00.000Z
TSMUSDT,TRADIFI_PERPETUAL,TRADING,TSM,USDT,1775484000000,2026-04-06T14:00:00.000Z
MUUSDT,TRADIFI_PERPETUAL,TRADING,MU,USDT,1775568600000,2026-04-07T13:30:00.000Z
SNDKUSDT,TRADIFI_PERPETUAL,TRADING,SNDK,USDT,1775569200000,2026-04-07T13:40:00.000Z
GENIUSUSDT,PERPETUAL,TRADING,GENIUS,USDT,1776310200000,2026-04-16T03:30:00.000Z
CHIPUSDT,PERPETUAL,TRADING,CHIP,USDT,1776323700000,2026-04-16T07:15:00.000Z
MSFTUSDT,TRADIFI_PERPETUAL,TRADING,MSFT,USDT,1776691800000,2026-04-20T13:30:00.000Z
AVGOUSDT,TRADIFI_PERPETUAL,TRADING,AVGO,USDT,1776692400000,2026-04-20T13:40:00.000Z
BABAUSDT,TRADIFI_PERPETUAL,TRADING,BABA,USDT,1776693000000,2026-04-20T13:50:00.000Z
OPGUSDT,PERPETUAL,TRADING,OPG,USDT,1776871800000,2026-04-22T15:30:00.000Z
AIGENSYNUSDT,PERPETUAL,TRADING,AIGENSYN,USDT,1777472100000,2026-04-29T14:15:00.000Z
AMDUSDT,TRADIFI_PERPETUAL,TRADING,AMD,USDT,1778074200000,2026-05-06T13:30:00.000Z
QCOMUSDT,TRADIFI_PERPETUAL,TRADING,QCOM,USDT,1778074500000,2026-05-06T13:35:00.000Z
USARUSDT,TRADIFI_PERPETUAL,TRADING,USAR,USDT,1778074800000,2026-05-06T13:40:00.000Z
BILLUSDT,PERPETUAL,TRADING,BILL,USDT,1778141700000,2026-05-07T08:15:00.000Z
PHAROSUSDT,PERPETUAL,TRADING,PHAROS,USDT,1778735700000,2026-05-14T05:15:00.000Z
STARUSDT,PERPETUAL,TRADING,STAR,USDT,1778736600000,2026-05-14T05:30:00.000Z
LITEUSDT,TRADIFI_PERPETUAL,TRADING,LITE,USDT,1778851800000,2026-05-15T13:30:00.000Z
ORCLUSDT,TRADIFI_PERPETUAL,TRADING,ORCL,USDT,1778852100000,2026-05-15T13:35:00.000Z
DISUSDT,TRADIFI_PERPETUAL,TRADING,DIS,USDT,1778852400000,2026-05-15T13:40:00.000Z
UBERUSDT,TRADIFI_PERPETUAL,TRADING,UBER,USDT,1778852700000,2026-05-15T13:45:00.000Z
CSCOUSDT,TRADIFI_PERPETUAL,TRADING,CSCO,USDT,1778853000000,2026-05-15T13:50:00.000Z
HDUSDT,TRADIFI_PERPETUAL,TRADING,HD,USDT,1778853300000,2026-05-15T13:55:00.000Z
SOXLUSDT,TRADIFI_PERPETUAL,TRADING,SOXL,USDT,1778853600000,2026-05-15T14:00:00.000Z
MRVLUSDT,TRADIFI_PERPETUAL,TRADING,MRVL,USDT,1778853900000,2026-05-15T14:05:00.000Z
BTCUSD1,PERPETUAL,TRADING,BTC,USD1,1779094800000,2026-05-18T09:00:00.000Z
CRWVUSDT,TRADIFI_PERPETUAL,TRADING,CRWV,USDT,1779111000000,2026-05-18T13:30:00.000Z
WMTUSDT,TRADIFI_PERPETUAL,TRADING,WMT,USDT,1779111300000,2026-05-18T13:35:00.000Z
JPMUSDT,TRADIFI_PERPETUAL,TRADING,JPM,USDT,1779111600000,2026-05-18T13:40:00.000Z
VUSDT,TRADIFI_PERPETUAL,TRADING,V,USDT,1779111900000,2026-05-18T13:45:00.000Z
BRKBUSDT,TRADIFI_PERPETUAL,TRADING,BRKB,USDT,1779112200000,2026-05-18T13:50:00.000Z
FLNCUSDT,TRADIFI_PERPETUAL,TRADING,FLNC,USDT,1779112500000,2026-05-18T13:55:00.000Z
DRAMUSDT,TRADIFI_PERPETUAL,TRADING,DRAM,USDT,1779112800000,2026-05-18T14:00:00.000Z
RKLBUSDT,TRADIFI_PERPETUAL,TRADING,RKLB,USDT,1779113100000,2026-05-18T14:05:00.000Z
CBRSUSDT,TRADIFI_PERPETUAL,TRADING,CBRS,USDT,1779183000000,2026-05-19T09:30:00.000Z
SPCXUSDT,TRADIFI_PERPETUAL,TRADING,SPCX,USDT,1779338700000,2026-05-21T04:45:00.000Z
OPENAIUSDT,TRADIFI_PERPETUAL,TRADING,OPENAI,USDT,1779784200000,2026-05-26T08:30:00.000Z
NBISUSDT,TRADIFI_PERPETUAL,TRADING,NBIS,USDT,1779802200000,2026-05-26T13:30:00.000Z
WDCUSDT,TRADIFI_PERPETUAL,TRADING,WDC,USDT,1779802500000,2026-05-26T13:35:00.000Z
ARMUSDT,TRADIFI_PERPETUAL,TRADING,ARM,USDT,1779802800000,2026-05-26T13:40:00.000Z
BEUSDT,TRADIFI_PERPETUAL,TRADING,BE,USDT,1779803100000,2026-05-26T13:45:00.000Z
COHRUSDT,TRADIFI_PERPETUAL,TRADING,COHR,USDT,1779803400000,2026-05-26T13:50:00.000Z
CTRUSDT,PERPETUAL,TRADING,CTR,USDT,1779960600000,2026-05-28T09:30:00.000Z
QNTXUSDT,TRADIFI_PERPETUAL,TRADING,QNTX,USDT,1780042500000,2026-05-29T08:15:00.000Z
SLXUSDT,PERPETUAL,TRADING,SLX,USDT,1780299000000,2026-06-01T07:30:00.000Z
LLYUSDT,TRADIFI_PERPETUAL,TRADING,LLY,USDT,1780320600000,2026-06-01T13:30:00.000Z
NVOUSDT,TRADIFI_PERPETUAL,TRADING,NVO,USDT,1780320900000,2026-06-01T13:35:00.000Z
BBXUSDT,TRADIFI_PERPETUAL,TRADING,BBX,USDT,1780321200000,2026-06-01T13:40:00.000Z
NOKUSDT,TRADIFI_PERPETUAL,TRADING,NOK,USDT,1780321500000,2026-06-01T13:45:00.000Z
EWTUSDT,TRADIFI_PERPETUAL,TRADING,EWT,USDT,1780321800000,2026-06-01T13:50:00.000Z
ASTSUSDT,TRADIFI_PERPETUAL,TRADING,ASTS,USDT,1780322100000,2026-06-01T13:55:00.000Z
SKHYNIXUSDT,TRADIFI_PERPETUAL,TRADING,SKHYNIX,USDT,1780369200000,2026-06-02T03:00:00.000Z
SAMSUNGUSDT,TRADIFI_PERPETUAL,TRADING,SAMSUNG,USDT,1780369800000,2026-06-02T03:10:00.000Z
HYUNDAIUSDT,TRADIFI_PERPETUAL,TRADING,HYUNDAI,USDT,1780370400000,2026-06-02T03:20:00.000Z
ANTHROPICUSDT,TRADIFI_PERPETUAL,TRADING,ANTHROPIC,USDT,1780374600000,2026-06-02T04:30:00.000Z
DELLUSDT,TRADIFI_PERPETUAL,TRADING,DELL,USDT,1780477200000,2026-06-03T09:00:00.000Z
IBMUSDT,TRADIFI_PERPETUAL,TRADING,IBM,USDT,1780477500000,2026-06-03T09:05:00.000Z
NOWUSDT,TRADIFI_PERPETUAL,TRADING,NOW,USDT,1780477800000,2026-06-03T09:10:00.000Z
CRMUSDT,TRADIFI_PERPETUAL,TRADING,CRM,USDT,1780478100000,2026-06-03T09:15:00.000Z
IRENUSDT,TRADIFI_PERPETUAL,TRADING,IREN,USDT,1780478400000,2026-06-03T09:20:00.000Z
ONDSUSDT,TRADIFI_PERPETUAL,TRADING,ONDS,USDT,1780478700000,2026-06-03T09:25:00.000Z
ZESTUSDT,PERPETUAL,TRADING,ZEST,USDT,1780581600000,2026-06-04T14:00:00.000Z
BTWUSDT,PERPETUAL,TRADING,BTW,USDT,1780582500000,2026-06-04T14:15:00.000Z
BXUSDT,TRADIFI_PERPETUAL,TRADING,BX,USDT,1780909200000,2026-06-08T09:00:00.000Z
HPEUSDT,TRADIFI_PERPETUAL,TRADING,HPE,USDT,1780909500000,2026-06-08T09:05:00.000Z
AMATUSDT,TRADIFI_PERPETUAL,TRADING,AMAT,USDT,1780909800000,2026-06-08T09:10:00.000Z
CRWDUSDT,TRADIFI_PERPETUAL,TRADING,CRWD,USDT,1780910100000,2026-06-08T09:15:00.000Z
CRDOUSDT,TRADIFI_PERPETUAL,TRADING,CRDO,USDT,1780910400000,2026-06-08T09:20:00.000Z
AAOIUSDT,TRADIFI_PERPETUAL,TRADING,AAOI,USDT,1780910700000,2026-06-08T09:25:00.000Z
IWMUSDT,TRADIFI_PERPETUAL,TRADING,IWM,USDT,1780911000000,2026-06-08T09:30:00.000Z
AXTIUSDT,TRADIFI_PERPETUAL,TRADING,AXTI,USDT,1780911300000,2026-06-08T09:35:00.000Z
NFLXUSDT,TRADIFI_PERPETUAL,TRADING,NFLX,USDT,1780995600000,2026-06-09T09:00:00.000Z
COSTUSDT,TRADIFI_PERPETUAL,TRADING,COST,USDT,1780995900000,2026-06-09T09:05:00.000Z
URNMUSDT,TRADIFI_PERPETUAL,TRADING,URNM,USDT,1780996200000,2026-06-09T09:10:00.000Z
HIMSUSDT,TRADIFI_PERPETUAL,TRADING,HIMS,USDT,1780996500000,2026-06-09T09:15:00.000Z
EBAYUSDT,TRADIFI_PERPETUAL,TRADING,EBAY,USDT,1780996800000,2026-06-09T09:20:00.000Z
ZMUSDT,TRADIFI_PERPETUAL,TRADING,ZM,USDT,1781082000000,2026-06-10T09:00:00.000Z
DKNGUSDT,TRADIFI_PERPETUAL,TRADING,DKNG,USDT,1781082300000,2026-06-10T09:05:00.000Z
RIVNUSDT,TRADIFI_PERPETUAL,TRADING,RIVN,USDT,1781082600000,2026-06-10T09:10:00.000Z
GMEUSDT,TRADIFI_PERPETUAL,TRADING,GME,USDT,1781082900000,2026-06-10T09:15:00.000Z
XLEUSDT,TRADIFI_PERPETUAL,TRADING,XLE,USDT,1781083200000,2026-06-10T09:20:00.000Z
EWZUSDT,TRADIFI_PERPETUAL,TRADING,EWZ,USDT,1781083500000,2026-06-10T09:25:00.000Z
BMNRUSDT,TRADIFI_PERPETUAL,TRADING,BMNR,USDT,1781169300000,2026-06-11T09:15:00.000Z
UVXYUSDT,TRADIFI_PERPETUAL,TRADING,UVXY,USDT,1781169600000,2026-06-11T09:20:00.000Z
ADBEUSDT,TRADIFI_PERPETUAL,TRADING,ADBE,USDT,1781169900000,2026-06-11T09:25:00.000Z
GLWUSDT,TRADIFI_PERPETUAL,TRADING,GLW,USDT,1781170200000,2026-06-11T09:30:00.000Z
STXXUSDT,TRADIFI_PERPETUAL,TRADING,STXX,USDT,1781170500000,2026-06-11T09:35:00.000Z
ASMLUSDT,TRADIFI_PERPETUAL,TRADING,ASML,USDT,1781170800000,2026-06-11T09:40:00.000Z
REUSDT,PERPETUAL,TRADING,RE,USDT,1781791200000,2026-06-18T14:00:00.000Z
LRCXUSDT,TRADIFI_PERPETUAL,TRADING,LRCX,USDT,1782135000000,2026-06-22T13:30:00.000Z
KLACUSDT,TRADIFI_PERPETUAL,TRADING,KLAC,USDT,1782135300000,2026-06-22T13:35:00.000Z
ALABUSDT,TRADIFI_PERPETUAL,TRADING,ALAB,USDT,1782135600000,2026-06-22T13:40:00.000Z
SMCIUSDT,TRADIFI_PERPETUAL,TRADING,SMCI,USDT,1782135900000,2026-06-22T13:45:00.000Z
CIENUSDT,TRADIFI_PERPETUAL,TRADING,CIEN,USDT,1782136200000,2026-06-22T13:50:00.000Z
KORUUSDT,TRADIFI_PERPETUAL,TRADING,KORU,USDT,1782136500000,2026-06-22T13:55:00.000Z
SONYUSDT,TRADIFI_PERPETUAL,TRADING,SONY,USDT,1782136800000,2026-06-22T14:00:00.000Z
ARXUSDT,PERPETUAL,TRADING,ARX,USDT,1782189900000,2026-06-23T04:45:00.000Z
OUSDT,PERPETUAL,TRADING,O,USDT,1782301500000,2026-06-24T11:45:00.000Z
CAPUSDT,PERPETUAL,TRADING,CAP,USDT,1782560700000,2026-06-27T11:45:00.000Z
MVLLUSDT,TRADIFI_PERPETUAL,TRADING,MVLL,USDT,1782740100000,2026-06-29T13:35:00.000Z
TQQQUSDT,TRADIFI_PERPETUAL,TRADING,TQQQ,USDT,1782740400000,2026-06-29T13:40:00.000Z
SQQQUSDT,TRADIFI_PERPETUAL,TRADING,SQQQ,USDT,1782740700000,2026-06-29T13:45:00.000Z
BTCU,PERPETUAL,TRADING,BTC,U,1782896400000,2026-07-01T09:00:00.000Z
ETHU,PERPETUAL,TRADING,ETH,U,1782900000000,2026-07-01T10:00:00.000Z
GRAMUSDT,PERPETUAL,TRADING,GRAM,USDT,1782979200000,2026-07-02T08:00:00.000Z
STRCUSDT,TRADIFI_PERPETUAL,TRADING,STRC,USDT,1782983700000,2026-07-02T09:15:00.000Z
CATUSDT,TRADIFI_PERPETUAL,TRADING,CAT,USDT,1782984000000,2026-07-02T09:20:00.000Z
TXNUSDT,TRADIFI_PERPETUAL,TRADING,TXN,USDT,1782984300000,2026-07-02T09:25:00.000Z
FLEXUSDT,TRADIFI_PERPETUAL,TRADING,FLEX,USDT,1782984600000,2026-07-02T09:30:00.000Z
TERUSDT,TRADIFI_PERPETUAL,TRADING,TER,USDT,1782984900000,2026-07-02T09:35:00.000Z
TTWOUSDT,TRADIFI_PERPETUAL,TRADING,TTWO,USDT,1782985200000,2026-07-02T09:40:00.000Z
KSTRUSDT,TRADIFI_PERPETUAL,TRADING,KSTR,USDT,1782985500000,2026-07-02T09:45:00.000Z
BSPUSDT,TRADIFI_PERPETUAL,TRADING,BSP,USDT,1782985800000,2026-07-02T09:50:00.000Z
DATAIPUSDT,PERPETUAL,TRADING,DATAIP,USDT,1783061100000,2026-07-03T06:45:00.000Z
DATAIPUSDC,PERPETUAL,TRADING,DATAIP,USDC,1783061400000,2026-07-03T06:50:00.000Z
ETHUSD1,PERPETUAL,TRADING,ETH,USD1,1783069200000,2026-07-03T09:00:00.000Z
BOTUSDT,TRADIFI_PERPETUAL,TRADING,BOT,USDT,1783605600000,2026-07-09T14:00:00.000Z
WENUSDT,TRADIFI_PERPETUAL,TRADING,WEN,USDT,1783605900000,2026-07-09T14:05:00.000Z
INTWUSDT,TRADIFI_PERPETUAL,TRADING,INTW,USDT,1783606200000,2026-07-09T14:10:00.000Z
SNXXUSDT,TRADIFI_PERPETUAL,TRADING,SNXX,USDT,1783606500000,2026-07-09T14:15:00.000Z
XBIUSDT,TRADIFI_PERPETUAL,TRADING,XBI,USDT,1783606800000,2026-07-09T14:20:00.000Z
BNCUSDT,TRADIFI_PERPETUAL,TRADING,BNC,USDT,1783607100000,2026-07-09T14:25:00.000Z
FWDIUSDT,TRADIFI_PERPETUAL,TRADING,FWDI,USDT,1783607400000,2026-07-09T14:30:00.000Z
GEVUSDT,TRADIFI_PERPETUAL,TRADING,GEV,USDT,1783672200000,2026-07-10T08:30:00.000Z
VRTUSDT,TRADIFI_PERPETUAL,TRADING,VRT,USDT,1783672500000,2026-07-10T08:35:00.000Z
SNOWUSDT,TRADIFI_PERPETUAL,TRADING,SNOW,USDT,1783672800000,2026-07-10T08:40:00.000Z
APPUSDT,TRADIFI_PERPETUAL,TRADING,APP,USDT,1783673100000,2026-07-10T08:45:00.000Z
SKHYUSDT,TRADIFI_PERPETUAL,TRADING,SKHY,USDT,1783698600000,2026-07-10T15:50:00.000Z