block,universe,regime,bucket,filter,dir,holdDays,n,mean,median,sd,se,t,winPct,maeP95,maeP99,exWorst10
regime,CRYPTO_NEW,R1 BTC 7d ret,DOWN (<=-5%),F0 no filter,short,1,14,3.9437,1.8734,15.5766,4.1630,0.9473,64.29,32.394,36.645,20.8464
regime,CRYPTO_NEW,R1 BTC 7d ret,DOWN (<=-5%),F0 no filter,short,3,14,4.0199,3.2650,20.7660,5.5500,0.7243,57.14,42.467,49.539,28.7582
regime,CRYPTO_NEW,R1 BTC 7d ret,DOWN (<=-5%),F0 no filter,short,7,14,0.3921,17.0191,55.8480,14.9260,0.0263,71.43,135.153,253.159,43.2379
regime,CRYPTO_NEW,R1 BTC 7d ret,DOWN (<=-5%),F0 no filter,short,14,14,6.1296,9.5790,38.3255,10.2429,0.5984,64.29,149.856,256.100,45.7588
regime,CRYPTO_NEW,R1 BTC 7d ret,DOWN (<=-5%),F0 no filter,short,29,14,2.0476,11.9425,64.5075,17.2403,0.1188,71.43,229.471,272.023,54.2174
regime,CRYPTO_NEW,R1 BTC 7d ret,FLAT (-5..+5%),F0 no filter,short,1,163,-2.0083,3.3252,28.7792,2.2542,-0.8909,61.35,70.611,200.478,3.8405
regime,CRYPTO_NEW,R1 BTC 7d ret,FLAT (-5..+5%),F0 no filter,short,3,163,-0.0599,7.2847,36.0267,2.8218,-0.0212,65.64,115.503,239.395,7.0201
regime,CRYPTO_NEW,R1 BTC 7d ret,FLAT (-5..+5%),F0 no filter,short,7,163,-8.9733,11.7284,135.8675,10.6420,-0.8432,66.26,198.042,409.489,9.7249
regime,CRYPTO_NEW,R1 BTC 7d ret,FLAT (-5..+5%),F0 no filter,short,14,163,-8.2704,11.4928,93.2513,7.3040,-1.1323,61.96,277.807,532.268,9.2330
regime,CRYPTO_NEW,R1 BTC 7d ret,FLAT (-5..+5%),F0 no filter,short,29,163,-16.7843,10.4245,118.8037,9.3054,-1.8037,57.06,364.657,848.355,5.7481
regime,CRYPTO_NEW,R1 BTC 7d ret,UP (>=+5%),F0 no filter,short,1,74,-2.7804,1.8930,24.7595,2.8782,-0.9660,60.81,51.036,156.832,4.5591
regime,CRYPTO_NEW,R1 BTC 7d ret,UP (>=+5%),F0 no filter,short,3,74,0.6969,5.9281,28.1791,3.2758,0.2127,59.46,104.468,182.296,9.2509
regime,CRYPTO_NEW,R1 BTC 7d ret,UP (>=+5%),F0 no filter,short,7,74,-1.8166,7.9618,55.1167,6.4072,-0.2835,63.51,162.594,293.788,13.4906
regime,CRYPTO_NEW,R1 BTC 7d ret,UP (>=+5%),F0 no filter,short,14,74,-6.4146,9.4554,60.3681,7.0176,-0.9141,62.16,169.529,311.516,11.1799
regime,CRYPTO_NEW,R1 BTC 7d ret,UP (>=+5%),F0 no filter,short,29,74,-12.1899,6.0555,77.9330,9.0595,-1.3455,51.35,222.157,451.211,11.5205
regime,CRYPTO_NEW,R1 BTC 7d ret,DOWN (<=-5%),F0 no filter,long,1,14,-4.0237,-1.9534,15.5766,4.1630,-0.9665,35.71,32.394,36.645,11.8411
regime,CRYPTO_NEW,R1 BTC 7d ret,DOWN (<=-5%),F0 no filter,long,3,14,-4.0999,-3.3450,20.7660,5.5500,-0.7387,42.86,42.467,49.539,18.1579
regime,CRYPTO_NEW,R1 BTC 7d ret,DOWN (<=-5%),F0 no filter,long,7,14,-0.4721,-17.0991,55.8480,14.9260,-0.0316,28.57,135.153,253.159,62.9181
regime,CRYPTO_NEW,R1 BTC 7d ret,DOWN (<=-5%),F0 no filter,long,14,14,-6.2096,-9.6590,38.3255,10.2429,-0.6062,35.71,149.856,256.100,40.9268
regime,CRYPTO_NEW,R1 BTC 7d ret,DOWN (<=-5%),F0 no filter,long,29,14,-2.1276,-12.0225,64.5075,17.2403,-0.1234,28.57,229.471,272.023,71.6667
regime,CRYPTO_NEW,R1 BTC 7d ret,FLAT (-5..+5%),F0 no filter,long,1,163,1.9283,-3.4052,28.7792,2.2542,0.8554,37.42,70.611,200.478,3.9817
regime,CRYPTO_NEW,R1 BTC 7d ret,FLAT (-5..+5%),F0 no filter,long,3,163,-0.0201,-7.3647,36.0267,2.8218,-0.0071,34.36,115.503,239.395,2.8087
regime,CRYPTO_NEW,R1 BTC 7d ret,FLAT (-5..+5%),F0 no filter,long,7,163,8.8933,-11.8084,135.8675,10.6420,0.8357,33.74,198.042,409.489,13.1105
regime,CRYPTO_NEW,R1 BTC 7d ret,FLAT (-5..+5%),F0 no filter,long,14,163,8.1904,-11.5728,93.2513,7.3040,1.1214,38.04,277.807,532.268,12.9965
regime,CRYPTO_NEW,R1 BTC 7d ret,FLAT (-5..+5%),F0 no filter,long,29,163,16.7043,-10.5045,118.8037,9.3054,1.7951,42.94,364.657,848.355,22.9397
regime,CRYPTO_NEW,R1 BTC 7d ret,UP (>=+5%),F0 no filter,long,1,74,2.7004,-1.9730,24.7595,2.8782,0.9382,36.49,51.036,156.832,5.9854
regime,CRYPTO_NEW,R1 BTC 7d ret,UP (>=+5%),F0 no filter,long,3,74,-0.7769,-6.0081,28.1791,3.2758,-0.2372,40.54,104.468,182.296,4.1149
regime,CRYPTO_NEW,R1 BTC 7d ret,UP (>=+5%),F0 no filter,long,7,74,1.7366,-8.0418,55.1167,6.4072,0.2710,35.14,162.594,293.788,8.2676
regime,CRYPTO_NEW,R1 BTC 7d ret,UP (>=+5%),F0 no filter,long,14,74,6.3346,-9.5354,60.3681,7.0176,0.9027,36.49,169.529,311.516,14.4054
regime,CRYPTO_NEW,R1 BTC 7d ret,UP (>=+5%),F0 no filter,long,29,74,12.1099,-6.1355,77.9330,9.0595,1.3367,48.65,222.157,451.211,23.2936
regime,CRYPTO_NEW,R2 BTC 30d ret,DOWN (<=-5%),F0 no filter,short,1,51,-7.4238,0.5938,34.5449,4.8372,-1.5347,52.94,82.290,203.440,4.1068
regime,CRYPTO_NEW,R2 BTC 30d ret,DOWN (<=-5%),F0 no filter,short,3,51,-4.8002,0.6823,42.4979,5.9509,-0.8066,52.94,133.786,324.915,8.9607
regime,CRYPTO_NEW,R2 BTC 30d ret,DOWN (<=-5%),F0 no filter,short,7,51,-5.5096,10.1968,59.4152,8.3198,-0.6622,62.75,212.833,422.974,16.0634
regime,CRYPTO_NEW,R2 BTC 30d ret,DOWN (<=-5%),F0 no filter,short,14,51,-0.7817,10.9211,46.7812,6.5507,-0.1193,58.82,225.849,422.974,17.4483
regime,CRYPTO_NEW,R2 BTC 30d ret,DOWN (<=-5%),F0 no filter,short,29,51,-2.1202,5.0669,47.8807,6.7046,-0.3162,58.82,240.951,422.974,16.1888
regime,CRYPTO_NEW,R2 BTC 30d ret,FLAT (-5..+5%),F0 no filter,short,1,64,-3.0532,2.6786,31.3989,3.9249,-0.7779,59.38,90.143,217.049,7.5005
regime,CRYPTO_NEW,R2 BTC 30d ret,FLAT (-5..+5%),F0 no filter,short,3,64,-0.6194,7.1298,32.9210,4.1151,-0.1505,60.94,112.773,217.049,10.9024
regime,CRYPTO_NEW,R2 BTC 30d ret,FLAT (-5..+5%),F0 no filter,short,7,64,-1.1328,11.6345,54.5791,6.8224,-0.1660,65.63,229.162,261.282,17.6880
regime,CRYPTO_NEW,R2 BTC 30d ret,FLAT (-5..+5%),F0 no filter,short,14,64,0.9484,17.1503,59.0761,7.3845,0.1284,67.19,268.223,284.641,20.7289
regime,CRYPTO_NEW,R2 BTC 30d ret,FLAT (-5..+5%),F0 no filter,short,29,64,-6.6795,1.1552,82.6124,10.3266,-0.6468,50.00,283.818,413.889,20.4528
regime,CRYPTO_NEW,R2 BTC 30d ret,UP (>=+5%),F0 no filter,short,1,136,0.7069,4.1239,20.7764,1.7816,0.3968,65.44,50.775,141.104,4.8451
regime,CRYPTO_NEW,R2 BTC 30d ret,UP (>=+5%),F0 no filter,short,3,136,2.8127,6.8073,28.9624,2.4835,1.1326,68.38,77.621,199.778,9.2592
regime,CRYPTO_NEW,R2 BTC 30d ret,UP (>=+5%),F0 no filter,short,7,136,-9.1036,9.8123,146.2904,12.5443,-0.7257,66.91,161.386,312.320,10.4217
regime,CRYPTO_NEW,R2 BTC 30d ret,UP (>=+5%),F0 no filter,short,14,136,-12.9247,9.4442,100.2394,8.5955,-1.5037,61.03,190.135,550.239,7.5484
regime,CRYPTO_NEW,R2 BTC 30d ret,UP (>=+5%),F0 no filter,short,29,136,-22.6000,15.2989,128.3461,11.0056,-2.0535,58.09,371.513,867.104,5.0591
regime,CRYPTO_NEW,R2 BTC 30d ret,DOWN (<=-5%),F0 no filter,long,1,51,7.3438,-0.6738,34.5449,4.8372,1.5182,45.10,82.290,203.440,12.7051
regime,CRYPTO_NEW,R2 BTC 30d ret,DOWN (<=-5%),F0 no filter,long,3,51,4.7202,-0.7623,42.4979,5.9509,0.7932,47.06,133.786,324.915,12.8559
regime,CRYPTO_NEW,R2 BTC 30d ret,DOWN (<=-5%),F0 no filter,long,7,51,5.4296,-10.2768,59.4152,8.3198,0.6526,37.25,212.833,422.974,16.7269
regime,CRYPTO_NEW,R2 BTC 30d ret,DOWN (<=-5%),F0 no filter,long,14,51,0.7017,-11.0011,46.7812,6.5507,0.1071,41.18,225.849,422.974,11.1667
regime,CRYPTO_NEW,R2 BTC 30d ret,DOWN (<=-5%),F0 no filter,long,29,51,2.0402,-5.1469,47.8807,6.7046,0.3043,41.18,240.951,422.974,14.6661
regime,CRYPTO_NEW,R2 BTC 30d ret,FLAT (-5..+5%),F0 no filter,long,1,64,2.9732,-2.7586,31.3989,3.9249,0.7575,40.63,90.143,217.049,8.5084
regime,CRYPTO_NEW,R2 BTC 30d ret,FLAT (-5..+5%),F0 no filter,long,3,64,0.5394,-7.2098,32.9210,4.1151,0.1311,39.06,112.773,217.049,6.9748
regime,CRYPTO_NEW,R2 BTC 30d ret,FLAT (-5..+5%),F0 no filter,long,7,64,1.0528,-11.7145,54.5791,6.8224,0.1543,34.38,229.162,261.282,9.8997
regime,CRYPTO_NEW,R2 BTC 30d ret,FLAT (-5..+5%),F0 no filter,long,14,64,-1.0284,-17.2303,59.0761,7.3845,-0.1393,32.81,268.223,284.641,9.3173
regime,CRYPTO_NEW,R2 BTC 30d ret,FLAT (-5..+5%),F0 no filter,long,29,64,6.5995,-1.2352,82.6124,10.3266,0.6391,50.00,283.818,413.889,21.7311
regime,CRYPTO_NEW,R2 BTC 30d ret,UP (>=+5%),F0 no filter,long,1,136,-0.7869,-4.2039,20.7764,1.7816,-0.4417,32.35,50.775,141.104,1.1868
regime,CRYPTO_NEW,R2 BTC 30d ret,UP (>=+5%),F0 no filter,long,3,136,-2.8927,-6.8873,28.9624,2.4835,-1.1648,31.62,77.621,199.778,0.2041
regime,CRYPTO_NEW,R2 BTC 30d ret,UP (>=+5%),F0 no filter,long,7,136,9.0236,-9.8923,146.2904,12.5443,0.7193,32.35,161.386,312.320,13.6144
regime,CRYPTO_NEW,R2 BTC 30d ret,UP (>=+5%),F0 no filter,long,14,136,12.8447,-9.5242,100.2394,8.5955,1.4944,38.24,190.135,550.239,18.4877
regime,CRYPTO_NEW,R2 BTC 30d ret,UP (>=+5%),F0 no filter,long,29,136,22.5200,-15.3789,128.3461,11.0056,2.0462,41.91,371.513,867.104,29.5686
regime,CRYPTO_NEW,R3 BTC vs 200SMA,BELOW 200SMA,F0 no filter,short,1,37,-10.9247,-0.0400,38.5003,6.3294,-1.7260,48.65,140.305,158.036,5.3843
regime,CRYPTO_NEW,R3 BTC vs 200SMA,BELOW 200SMA,F0 no filter,short,3,37,-6.3218,-0.1540,36.1148,5.9372,-1.0648,48.65,182.426,218.934,9.7836
regime,CRYPTO_NEW,R3 BTC vs 200SMA,BELOW 200SMA,F0 no filter,short,7,37,-10.5448,6.6489,61.4438,10.1013,-1.0439,59.46,242.120,278.244,16.2490
regime,CRYPTO_NEW,R3 BTC vs 200SMA,BELOW 200SMA,F0 no filter,short,14,37,-9.7924,2.2119,57.4477,9.4443,-1.0369,56.76,249.387,278.244,15.3792
regime,CRYPTO_NEW,R3 BTC vs 200SMA,BELOW 200SMA,F0 no filter,short,29,37,-34.3493,-12.0429,85.8169,14.1082,-2.4347,35.14,290.313,453.640,3.6894
regime,CRYPTO_NEW,R3 BTC vs 200SMA,ABOVE 200SMA,F0 no filter,short,1,214,-0.3443,3.8952,24.2952,1.6608,-0.2073,63.55,52.707,189.063,3.6086
regime,CRYPTO_NEW,R3 BTC vs 200SMA,ABOVE 200SMA,F0 no filter,short,3,214,1.5513,6.7720,32.5123,2.2225,0.6980,65.89,93.972,197.762,6.8385
regime,CRYPTO_NEW,R3 BTC vs 200SMA,ABOVE 200SMA,F0 no filter,short,7,214,-5.6141,11.2895,121.0174,8.2726,-0.6786,66.82,171.533,365.519,9.2432
regime,CRYPTO_NEW,R3 BTC vs 200SMA,ABOVE 200SMA,F0 no filter,short,14,214,-6.4235,12.3958,86.0556,5.8826,-1.0919,63.08,215.815,471.822,7.5810
regime,CRYPTO_NEW,R3 BTC vs 200SMA,ABOVE 200SMA,F0 no filter,short,29,214,-10.9266,15.2989,108.4814,7.4156,-1.4735,59.81,345.921,795.570,6.8020
regime,CRYPTO_NEW,R3 BTC vs 200SMA,BELOW 200SMA,F0 no filter,long,1,37,10.8447,-0.0400,38.5003,6.3294,1.7134,48.65,140.305,158.036,20.0379
regime,CRYPTO_NEW,R3 BTC vs 200SMA,BELOW 200SMA,F0 no filter,long,3,37,6.2418,0.0740,36.1148,5.9372,1.0513,51.35,182.426,218.934,17.0319
regime,CRYPTO_NEW,R3 BTC vs 200SMA,BELOW 200SMA,F0 no filter,long,7,37,10.4648,-6.7289,61.4438,10.1013,1.0360,40.54,242.120,278.244,25.7443
regime,CRYPTO_NEW,R3 BTC vs 200SMA,BELOW 200SMA,F0 no filter,long,14,37,9.7124,-2.2919,57.4477,9.4443,1.0284,43.24,249.387,278.244,26.9412
regime,CRYPTO_NEW,R3 BTC vs 200SMA,BELOW 200SMA,F0 no filter,long,29,37,34.2693,11.9629,85.8169,14.1082,2.4290,64.86,290.313,453.640,59.0030
regime,CRYPTO_NEW,R3 BTC vs 200SMA,ABOVE 200SMA,F0 no filter,long,1,214,0.2643,-3.9752,24.2952,1.6608,0.1591,35.05,52.707,189.063,1.8429
regime,CRYPTO_NEW,R3 BTC vs 200SMA,ABOVE 200SMA,F0 no filter,long,3,214,-1.6313,-6.8520,32.5123,2.2225,-0.7340,34.11,93.972,197.762,0.5487
regime,CRYPTO_NEW,R3 BTC vs 200SMA,ABOVE 200SMA,F0 no filter,long,7,214,5.5341,-11.3695,121.0174,8.2726,0.6690,32.71,171.533,365.519,8.6548
regime,CRYPTO_NEW,R3 BTC vs 200SMA,ABOVE 200SMA,F0 no filter,long,14,214,6.3435,-12.4758,86.0556,5.8826,1.0783,36.45,215.815,471.822,9.8858
regime,CRYPTO_NEW,R3 BTC vs 200SMA,ABOVE 200SMA,F0 no filter,long,29,214,10.8466,-15.3789,108.4814,7.4156,1.4627,40.19,345.921,795.570,15.2778
regime,ALL,R1 BTC 7d ret,DOWN (<=-5%),F0 no filter,short,1,15,3.8375,2.3501,15.0156,3.8770,0.9898,66.67,31.986,36.563,18.5625
regime,ALL,R1 BTC 7d ret,DOWN (<=-5%),F0 no filter,short,3,15,4.0037,3.7765,20.0108,5.1668,0.7749,60.00,41.787,49.403,24.6111
regime,ALL,R1 BTC 7d ret,DOWN (<=-5%),F0 no filter,short,7,15,2.2343,17.5515,54.2873,14.0169,0.1594,73.33,123.807,250.890,40.1952
regime,ALL,R1 BTC 7d ret,DOWN (<=-5%),F0 no filter,short,14,15,7.1189,14.1733,37.1296,9.5868,0.7426,66.67,139.641,254.056,42.1214
regime,ALL,R1 BTC 7d ret,DOWN (<=-5%),F0 no filter,short,29,15,2.1962,11.5183,62.1636,16.0506,0.1368,73.33,225.380,271.204,49.8095
regime,ALL,R1 BTC 7d ret,FLAT (-5..+5%),F0 no filter,short,1,190,-1.5475,2.8783,26.6996,1.9370,-0.7989,62.11,66.382,176.329,3.4496
regime,ALL,R1 BTC 7d ret,FLAT (-5..+5%),F0 no filter,short,3,190,0.7359,6.3945,33.4549,2.4271,0.3032,69.47,102.287,232.193,6.7981
regime,ALL,R1 BTC 7d ret,FLAT (-5..+5%),F0 no filter,short,7,190,-6.4982,10.6737,125.9563,9.1378,-0.7111,70.00,187.773,379.147,9.5327
regime,ALL,R1 BTC 7d ret,FLAT (-5..+5%),F0 no filter,short,14,190,-5.4727,11.3358,86.7089,6.2905,-0.8700,65.26,250.624,494.535,9.5606
regime,ALL,R1 BTC 7d ret,FLAT (-5..+5%),F0 no filter,short,29,190,-14.1445,5.6831,110.3615,8.0065,-1.7666,57.37,334.442,829.605,5.1546
regime,ALL,R1 BTC 7d ret,UP (>=+5%),F0 no filter,short,1,81,-2.5232,1.3076,23.7371,2.6375,-0.9567,59.26,50.258,153.247,4.1290
regime,ALL,R1 BTC 7d ret,UP (>=+5%),F0 no filter,short,3,81,0.5830,5.6474,27.1888,3.0210,0.1930,58.02,94.832,181.153,8.4317
regime,ALL,R1 BTC 7d ret,UP (>=+5%),F0 no filter,short,7,81,-2.6838,7.9331,53.6730,5.9637,-0.4500,61.73,158.367,287.723,11.8657
regime,ALL,R1 BTC 7d ret,UP (>=+5%),F0 no filter,short,14,81,-10.1241,8.8432,69.7714,7.7524,-1.3059,60.49,170.443,424.014,9.4103
regime,ALL,R1 BTC 7d ret,UP (>=+5%),F0 no filter,short,29,81,-14.4210,4.2237,77.1373,8.5708,-1.6826,50.62,274.053,621.915,8.1811
regime,ALL,R1 BTC 7d ret,DOWN (<=-5%),F0 no filter,long,1,15,-3.9175,-2.4301,15.0156,3.8770,-1.0104,33.33,31.986,36.563,9.8773
regime,ALL,R1 BTC 7d ret,DOWN (<=-5%),F0 no filter,long,3,15,-4.0837,-3.8565,20.0108,5.1668,-0.7904,40.00,41.787,49.403,15.2952
regime,ALL,R1 BTC 7d ret,DOWN (<=-5%),F0 no filter,long,7,15,-2.3143,-17.6315,54.2873,14.0169,-0.1651,26.67,123.807,250.890,49.9750
regime,ALL,R1 BTC 7d ret,DOWN (<=-5%),F0 no filter,long,14,15,-7.1989,-14.2533,37.1296,9.5868,-0.7509,33.33,139.641,254.056,33.7496
regime,ALL,R1 BTC 7d ret,DOWN (<=-5%),F0 no filter,long,29,15,-2.2762,-11.5983,62.1636,16.0506,-0.1418,26.67,225.380,271.204,56.4618
regime,ALL,R1 BTC 7d ret,FLAT (-5..+5%),F0 no filter,long,1,190,1.4675,-2.9583,26.6996,1.9370,0.7576,36.32,66.382,176.329,3.1873
regime,ALL,R1 BTC 7d ret,FLAT (-5..+5%),F0 no filter,long,3,190,-0.8159,-6.4745,33.4549,2.4271,-0.3362,30.53,102.287,232.193,1.5444
regime,ALL,R1 BTC 7d ret,FLAT (-5..+5%),F0 no filter,long,7,190,6.4182,-10.7537,125.9563,9.1378,0.7024,30.00,187.773,379.147,9.8654
regime,ALL,R1 BTC 7d ret,FLAT (-5..+5%),F0 no filter,long,14,190,5.3927,-11.4158,86.7089,6.2905,0.8573,34.74,250.624,494.535,9.3225
regime,ALL,R1 BTC 7d ret,FLAT (-5..+5%),F0 no filter,long,29,190,14.0645,-5.7631,110.3615,8.0065,1.7566,42.63,334.442,829.605,19.2180
regime,ALL,R1 BTC 7d ret,UP (>=+5%),F0 no filter,long,1,81,2.4432,-1.3876,23.7371,2.6375,0.9263,38.27,50.258,153.247,5.3681
regime,ALL,R1 BTC 7d ret,UP (>=+5%),F0 no filter,long,3,81,-0.6630,-5.7274,27.1888,3.0210,-0.2195,41.98,94.832,181.153,3.7625
regime,ALL,R1 BTC 7d ret,UP (>=+5%),F0 no filter,long,7,81,2.6038,-8.0131,53.6730,5.9637,0.4366,37.04,158.367,287.723,8.6130
regime,ALL,R1 BTC 7d ret,UP (>=+5%),F0 no filter,long,14,81,10.0441,-8.9232,69.7714,7.7524,1.2956,38.27,170.443,424.014,17.8416
regime,ALL,R1 BTC 7d ret,UP (>=+5%),F0 no filter,long,29,81,14.3410,-4.3037,77.1373,8.5708,1.6732,49.38,274.053,621.915,24.7363
regime,ALL,R2 BTC 30d ret,DOWN (<=-5%),F0 no filter,short,1,61,-5.9883,0.9359,31.7436,4.0644,-1.4734,54.10,55.110,191.353,3.5629
regime,ALL,R2 BTC 30d ret,DOWN (<=-5%),F0 no filter,short,3,61,-2.6390,5.4939,39.1337,5.0106,-0.5267,60.66,124.565,294.066,8.8474
regime,ALL,R2 BTC 30d ret,DOWN (<=-5%),F0 no filter,short,7,61,-2.7460,10.1968,54.6386,6.9958,-0.3925,68.85,143.006,411.736,15.1389
regime,ALL,R2 BTC 30d ret,DOWN (<=-5%),F0 no filter,short,14,61,2.6404,14.1733,43.5169,5.5718,0.4739,65.57,169.037,411.736,17.9670
regime,ALL,R2 BTC 30d ret,DOWN (<=-5%),F0 no filter,short,29,61,-1.6397,4.7036,43.9032,5.6212,-0.2917,59.02,199.242,411.736,13.1735
regime,ALL,R2 BTC 30d ret,FLAT (-5..+5%),F0 no filter,short,1,76,-2.3461,2.3028,28.8326,3.3073,-0.7094,60.53,76.680,209.643,6.3959
regime,ALL,R2 BTC 30d ret,FLAT (-5..+5%),F0 no filter,short,3,76,-0.3297,5.1222,30.2283,3.4674,-0.0951,63.16,99.175,209.643,9.1411
regime,ALL,R2 BTC 30d ret,FLAT (-5..+5%),F0 no filter,short,7,76,-0.3644,9.5888,50.3221,5.7723,-0.0631,65.79,205.602,259.547,15.1509
regime,ALL,R2 BTC 30d ret,FLAT (-5..+5%),F0 no filter,short,14,76,1.2029,11.8845,54.3825,6.2381,0.1928,67.11,259.547,284.579,17.4256
regime,ALL,R2 BTC 30d ret,FLAT (-5..+5%),F0 no filter,short,29,76,-7.4549,-1.6759,76.0421,8.7226,-0.8547,48.68,281.290,392.098,14.6268
regime,ALL,R2 BTC 30d ret,UP (>=+5%),F0 no filter,short,1,149,0.6896,3.8402,19.9105,1.6311,0.4228,65.10,47.807,136.093,4.4396
regime,ALL,R2 BTC 30d ret,UP (>=+5%),F0 no filter,short,3,149,2.9070,6.3740,27.8194,2.2791,1.2755,69.13,73.411,199.481,8.7573
regime,ALL,R2 BTC 30d ret,UP (>=+5%),F0 no filter,short,7,149,-8.2103,9.5358,139.9645,11.4663,-0.7160,68.46,146.975,295.708,9.7979
regime,ALL,R2 BTC 30d ret,UP (>=+5%),F0 no filter,short,14,149,-13.4601,8.9034,100.0513,8.1965,-1.6422,61.74,195.009,527.881,7.0442
regime,ALL,R2 BTC 30d ret,UP (>=+5%),F0 no filter,short,29,149,-21.1813,14.6732,123.7487,10.1379,-2.0893,59.06,377.727,946.009,3.9930
regime,ALL,R2 BTC 30d ret,DOWN (<=-5%),F0 no filter,long,1,61,5.9083,-1.0159,31.7436,4.0644,1.4537,44.26,55.110,191.353,9.9369
regime,ALL,R2 BTC 30d ret,DOWN (<=-5%),F0 no filter,long,3,61,2.5590,-5.5739,39.1337,5.0106,0.5107,39.34,124.565,294.066,8.6758
regime,ALL,R2 BTC 30d ret,DOWN (<=-5%),F0 no filter,long,7,61,2.6660,-10.2768,54.6386,6.9958,0.3811,31.15,143.006,411.736,11.2063
regime,ALL,R2 BTC 30d ret,DOWN (<=-5%),F0 no filter,long,14,61,-2.7204,-14.2533,43.5169,5.5718,-0.4883,34.43,169.037,411.736,5.0215
regime,ALL,R2 BTC 30d ret,DOWN (<=-5%),F0 no filter,long,29,61,1.5597,-4.7836,43.9032,5.6212,0.2775,40.98,199.242,411.736,11.6158
regime,ALL,R2 BTC 30d ret,FLAT (-5..+5%),F0 no filter,long,1,76,2.2661,-2.3828,28.8326,3.3073,0.6852,38.16,76.680,209.643,6.6878
regime,ALL,R2 BTC 30d ret,FLAT (-5..+5%),F0 no filter,long,3,76,0.2497,-5.2022,30.2283,3.4674,0.0720,36.84,99.175,209.643,5.4711
regime,ALL,R2 BTC 30d ret,FLAT (-5..+5%),F0 no filter,long,7,76,0.2844,-9.6688,50.3221,5.7723,0.0493,34.21,205.602,259.547,7.4063
regime,ALL,R2 BTC 30d ret,FLAT (-5..+5%),F0 no filter,long,14,76,-1.2829,-11.9645,54.3825,6.2381,-0.2057,32.89,259.547,284.579,7.1432
regime,ALL,R2 BTC 30d ret,FLAT (-5..+5%),F0 no filter,long,29,76,7.3749,1.5959,76.0421,8.7226,0.8455,51.32,281.290,392.098,19.8728
regime,ALL,R2 BTC 30d ret,UP (>=+5%),F0 no filter,long,1,149,-0.7696,-3.9202,19.9105,1.6311,-0.4718,32.89,47.807,136.093,1.0207
regime,ALL,R2 BTC 30d ret,UP (>=+5%),F0 no filter,long,3,149,-2.9870,-6.4540,27.8194,2.2791,-1.3106,30.87,73.411,199.481,-0.1866
regime,ALL,R2 BTC 30d ret,UP (>=+5%),F0 no filter,long,7,149,8.1303,-9.6158,139.9645,11.4663,0.7091,30.87,146.975,295.708,12.2275
regime,ALL,R2 BTC 30d ret,UP (>=+5%),F0 no filter,long,14,149,13.3801,-8.9834,100.0513,8.1965,1.6324,37.58,195.009,527.881,18.5338
regime,ALL,R2 BTC 30d ret,UP (>=+5%),F0 no filter,long,29,149,21.1013,-14.7532,123.7487,10.1379,2.0814,40.94,377.727,946.009,27.3886
regime,ALL,R3 BTC vs 200SMA,BELOW 200SMA,F0 no filter,short,1,44,-9.1034,0.0351,35.4842,5.3495,-1.7017,50.00,136.092,156.392,4.3836
regime,ALL,R3 BTC vs 200SMA,BELOW 200SMA,F0 no filter,short,3,44,-5.4474,-0.0435,33.1502,4.9976,-1.0900,50.00,172.656,216.927,7.6046
regime,ALL,R3 BTC vs 200SMA,BELOW 200SMA,F0 no filter,short,7,44,-8.6249,6.4309,56.7840,8.5605,-1.0075,56.82,234.183,277.385,13.6987
regime,ALL,R3 BTC vs 200SMA,BELOW 200SMA,F0 no filter,short,14,44,-8.6186,1.5630,52.9550,7.9833,-1.0796,54.55,242.773,277.385,11.8239
regime,ALL,R3 BTC vs 200SMA,BELOW 200SMA,F0 no filter,short,29,44,-31.0916,-11.5259,79.1948,11.9391,-2.6042,34.09,275.519,439.124,0.0739
regime,ALL,R3 BTC vs 200SMA,ABOVE 200SMA,F0 no filter,short,1,242,-0.1665,3.2358,22.8980,1.4719,-0.1131,63.64,52.240,177.969,3.3170
regime,ALL,R3 BTC vs 200SMA,ABOVE 200SMA,F0 no filter,short,3,242,2.0115,6.6502,30.6980,1.9733,1.0193,68.60,92.082,196.620,6.6804
regime,ALL,R3 BTC vs 200SMA,ABOVE 200SMA,F0 no filter,short,7,242,-4.2935,10.9957,114.0085,7.3287,-0.5859,69.83,161.744,362.792,8.9391
regime,ALL,R3 BTC vs 200SMA,ABOVE 200SMA,F0 no filter,short,14,242,-5.6771,12.5896,84.3042,5.4193,-1.0476,65.70,193.835,458.703,7.5574
regime,ALL,R3 BTC vs 200SMA,ABOVE 200SMA,F0 no filter,short,29,242,-10.1429,11.5374,102.8612,6.6122,-1.5340,60.33,342.474,862.938,5.4799
regime,ALL,R3 BTC vs 200SMA,BELOW 200SMA,F0 no filter,long,1,44,9.0234,-0.1151,35.4842,5.3495,1.6868,47.73,136.092,156.392,15.7882
regime,ALL,R3 BTC vs 200SMA,BELOW 200SMA,F0 no filter,long,3,44,5.3674,-0.0365,33.1502,4.9976,1.0740,50.00,172.656,216.927,13.6788
regime,ALL,R3 BTC vs 200SMA,BELOW 200SMA,F0 no filter,long,7,44,8.5449,-6.5109,56.7840,8.5605,0.9982,43.18,234.183,277.385,20.1757
regime,ALL,R3 BTC vs 200SMA,BELOW 200SMA,F0 no filter,long,14,44,8.5386,-1.6430,52.9550,7.9833,1.0696,45.45,242.773,277.385,21.8750
regime,ALL,R3 BTC vs 200SMA,BELOW 200SMA,F0 no filter,long,29,44,31.0116,11.4459,79.1948,11.9391,2.5975,65.91,275.519,439.124,49.6948
regime,ALL,R3 BTC vs 200SMA,ABOVE 200SMA,F0 no filter,long,1,242,0.0865,-3.3158,22.8980,1.4719,0.0588,34.71,52.240,177.969,1.4669
regime,ALL,R3 BTC vs 200SMA,ABOVE 200SMA,F0 no filter,long,3,242,-2.0915,-6.7302,30.6980,1.9733,-1.0599,31.40,92.082,196.620,-0.1945
regime,ALL,R3 BTC vs 200SMA,ABOVE 200SMA,F0 no filter,long,7,242,4.2135,-11.0757,114.0085,7.3287,0.5749,29.75,161.744,362.792,6.9007
regime,ALL,R3 BTC vs 200SMA,ABOVE 200SMA,F0 no filter,long,14,242,5.5971,-12.6696,84.3042,5.4193,1.0328,33.88,193.835,458.703,8.6798
regime,ALL,R3 BTC vs 200SMA,ABOVE 200SMA,F0 no filter,long,29,242,10.0629,-11.6174,102.8612,6.6122,1.5219,39.67,342.474,862.938,13.9255
filter,CRYPTO_NEW,none,all,F0 no filter,short,1,251,-1.9039,3.1531,27.0272,1.7059,-1.1161,61.35,66.371,180.352,2.5201
filter,CRYPTO_NEW,none,all,F0 no filter,short,3,251,0.3908,6.2577,33.1096,2.0899,0.1870,63.35,112.821,214.919,5.2987
filter,CRYPTO_NEW,none,all,F0 no filter,short,7,251,-6.3409,10.1968,114.1246,7.2035,-0.8803,65.74,195.000,361.915,7.7727
filter,CRYPTO_NEW,none,all,F0 no filter,short,14,251,-6.9201,11.4321,82.3784,5.1997,-1.3309,62.15,250.034,450.932,5.3804
filter,CRYPTO_NEW,none,all,F0 no filter,short,29,251,-14.3794,10.4245,105.6231,6.6669,-2.1568,56.18,333.213,720.440,1.3072
filter,CRYPTO_NEW,none,all,F1 price >= $1,short,1,68,-1.6418,2.1819,16.4373,1.9933,-0.8237,55.88,47.421,101.014,3.7927
filter,CRYPTO_NEW,none,all,F1 price >= $1,short,3,68,3.4101,7.2651,25.4046,3.0808,1.1069,64.71,58.739,178.438,10.5553
filter,CRYPTO_NEW,none,all,F1 price >= $1,short,7,68,3.6416,9.4648,39.8774,4.8358,0.7530,66.18,64.089,251.162,14.1960
filter,CRYPTO_NEW,none,all,F1 price >= $1,short,14,68,1.1580,11.3707,44.7710,5.4293,0.2133,57.35,173.121,251.162,15.7496
filter,CRYPTO_NEW,none,all,F1 price >= $1,short,29,68,4.2347,11.1758,45.2404,5.4862,0.7719,55.88,191.567,290.376,18.6029
filter,CRYPTO_NEW,none,all,F2 day1 SD <= 2.5%,short,1,73,0.5740,0.9359,6.7057,0.7848,0.7313,54.79,16.207,28.085,2.4756
filter,CRYPTO_NEW,none,all,F2 day1 SD <= 2.5%,short,3,73,4.0437,4.3435,9.1397,1.0697,3.7801,69.86,25.565,55.006,6.5052
filter,CRYPTO_NEW,none,all,F2 day1 SD <= 2.5%,short,7,73,5.7472,6.6489,16.4539,1.9258,2.9843,71.23,52.762,66.654,10.6612
filter,CRYPTO_NEW,none,all,F2 day1 SD <= 2.5%,short,14,73,1.8563,4.9848,27.2607,3.1906,0.5818,58.90,76.953,167.541,10.0370
filter,CRYPTO_NEW,none,all,F2 day1 SD <= 2.5%,short,29,73,-14.2607,-1.2203,57.0027,6.6717,-2.1375,46.58,186.666,494.444,3.8197
filter,CRYPTO_NEW,none,all,F3 day1 range <= 25%,short,1,80,-0.0929,0.4433,8.2421,0.9215,-0.1008,53.75,19.410,40.387,2.2194
filter,CRYPTO_NEW,none,all,F3 day1 range <= 25%,short,3,80,3.0644,3.8788,10.0784,1.1268,2.7196,66.25,28.649,55.331,5.8156
filter,CRYPTO_NEW,none,all,F3 day1 range <= 25%,short,7,80,4.7126,6.0837,17.3642,1.9414,2.4275,67.50,53.729,65.353,9.6889
filter,CRYPTO_NEW,none,all,F3 day1 range <= 25%,short,14,80,1.9556,3.5823,26.9631,3.0146,0.6487,60.00,78.431,148.142,9.6411
filter,CRYPTO_NEW,none,all,F3 day1 range <= 25%,short,29,80,-13.3574,-1.0156,55.0493,6.1547,-2.1703,47.50,174.083,462.601,3.1409
filter,CRYPTO_NEW,none,all,F4 price>=$1 AND SD<=2.5%,short,1,26,-0.1563,1.2498,8.9762,1.7604,-0.0888,61.54,24.374,34.044,4.6420
filter,CRYPTO_NEW,none,all,F4 price>=$1 AND SD<=2.5%,short,3,26,4.3462,6.0221,8.4881,1.6647,2.6109,69.23,24.374,52.222,9.8664
filter,CRYPTO_NEW,none,all,F4 price>=$1 AND SD<=2.5%,short,7,26,8.0451,4.3774,11.9384,2.3413,3.4362,73.08,37.043,55.839,14.9811
filter,CRYPTO_NEW,none,all,F4 price>=$1 AND SD<=2.5%,short,14,26,5.0187,-0.3423,22.0755,4.3294,1.1592,46.15,55.839,71.536,17.2778
filter,CRYPTO_NEW,none,all,F4 price>=$1 AND SD<=2.5%,short,29,26,-8.6135,-3.3971,35.7184,7.0050,-1.2296,34.62,107.603,128.849,9.4234
filter,CRYPTO_NEW,none,all,F0 no filter,long,1,251,1.8239,-3.2331,27.0272,1.7059,1.0692,37.05,66.371,180.352,3.2249
filter,CRYPTO_NEW,none,all,F0 no filter,long,3,251,-0.4708,-6.3377,33.1096,2.0899,-0.2253,36.65,112.821,214.919,1.4227
filter,CRYPTO_NEW,none,all,F0 no filter,long,7,251,6.2609,-10.2768,114.1246,7.2035,0.8692,33.86,195.000,361.915,8.9327
filter,CRYPTO_NEW,none,all,F0 no filter,long,14,251,6.8401,-11.5121,82.3784,5.1997,1.3155,37.45,250.034,450.932,9.8592
filter,CRYPTO_NEW,none,all,F0 no filter,long,29,251,14.2994,-10.5045,105.6231,6.6669,2.1448,43.82,333.213,720.440,18.1935
filter,CRYPTO_NEW,none,all,F1 price >= $1,long,1,68,1.5618,-2.2619,16.4373,1.9933,0.7835,42.65,47.421,101.014,4.7950
filter,CRYPTO_NEW,none,all,F1 price >= $1,long,3,68,-3.4901,-7.3451,25.4046,3.0808,-1.1329,35.29,58.739,178.438,1.4629
filter,CRYPTO_NEW,none,all,F1 price >= $1,long,7,68,-3.7216,-9.5448,39.8774,4.8358,-0.7696,33.82,64.089,251.162,2.2969
filter,CRYPTO_NEW,none,all,F1 price >= $1,long,14,68,-1.2380,-11.4507,44.7710,5.4293,-0.2280,41.18,173.121,251.162,5.9927
filter,CRYPTO_NEW,none,all,F1 price >= $1,long,29,68,-4.3147,-11.2558,45.2404,5.4862,-0.7865,44.12,191.567,290.376,4.4480
filter,CRYPTO_NEW,none,all,F2 day1 SD <= 2.5%,long,1,73,-0.6540,-1.0159,6.7057,0.7848,-0.8333,41.10,16.207,28.085,0.7371
filter,CRYPTO_NEW,none,all,F2 day1 SD <= 2.5%,long,3,73,-4.1237,-4.4235,9.1397,1.0697,-3.8549,30.14,25.565,55.006,-2.0173
filter,CRYPTO_NEW,none,all,F2 day1 SD <= 2.5%,long,7,73,-5.8272,-6.7289,16.4539,1.9258,-3.0259,28.77,52.762,66.654,-2.4613
filter,CRYPTO_NEW,none,all,F2 day1 SD <= 2.5%,long,14,73,-1.9363,-5.0648,27.2607,3.1906,-0.6069,39.73,76.953,167.541,2.8842
filter,CRYPTO_NEW,none,all,F2 day1 SD <= 2.5%,long,29,73,14.1807,1.1403,57.0027,6.6717,2.1255,53.42,186.666,494.444,21.7470
filter,CRYPTO_NEW,none,all,F3 day1 range <= 25%,long,1,80,0.0129,-0.5233,8.2421,0.9215,0.0140,42.50,19.410,40.387,1.3469
filter,CRYPTO_NEW,none,all,F3 day1 range <= 25%,long,3,80,-3.1444,-3.9588,10.0784,1.1268,-2.7906,33.75,28.649,55.331,-1.0650
filter,CRYPTO_NEW,none,all,F3 day1 range <= 25%,long,7,80,-4.7926,-6.1637,17.3642,1.9414,-2.4687,32.50,53.729,65.353,-1.4149
filter,CRYPTO_NEW,none,all,F3 day1 range <= 25%,long,14,80,-2.0356,-3.6623,26.9631,3.0146,-0.6752,38.75,78.431,148.142,2.4742
filter,CRYPTO_NEW,none,all,F3 day1 range <= 25%,long,29,80,13.2774,0.9356,55.0493,6.1547,2.1573,52.50,174.083,462.601,19.9685
filter,CRYPTO_NEW,none,all,F4 price>=$1 AND SD<=2.5%,long,1,26,0.0763,-1.3298,8.9762,1.7604,0.0433,34.62,24.374,34.044,4.2167
filter,CRYPTO_NEW,none,all,F4 price>=$1 AND SD<=2.5%,long,3,26,-4.4262,-6.1021,8.4881,1.6647,-2.6589,30.77,24.374,52.222,0.6406
filter,CRYPTO_NEW,none,all,F4 price>=$1 AND SD<=2.5%,long,7,26,-8.1251,-4.4574,11.9384,2.3413,-3.4703,26.92,37.043,55.839,-0.0277
filter,CRYPTO_NEW,none,all,F4 price>=$1 AND SD<=2.5%,long,14,26,-5.0987,0.2623,22.0755,4.3294,-1.1777,50.00,55.839,71.536,9.3665
filter,CRYPTO_NEW,none,all,F4 price>=$1 AND SD<=2.5%,long,29,26,8.5335,3.3171,35.7184,7.0050,1.2182,65.38,107.603,128.849,24.4685
interaction,CRYPTO_NEW,R3 BTC vs 200SMA,BELOW 200SMA,F1 price >= $1,short,3,6,2.6384,1.8717,10.0267,4.0934,0.6445,50.00,50.652,59.291,n/a
interaction,CRYPTO_NEW,R3 BTC vs 200SMA,BELOW 200SMA,F1 price >= $1,short,7,6,-1.0030,4.4389,18.6336,7.6071,-0.1319,50.00,60.385,61.237,n/a
interaction,CRYPTO_NEW,R3 BTC vs 200SMA,BELOW 200SMA,F1 price >= $1,short,14,6,1.9902,1.7049,18.5486,7.5724,0.2628,66.67,60.385,61.237,n/a
interaction,CRYPTO_NEW,R3 BTC vs 200SMA,ABOVE 200SMA,F1 price >= $1,short,3,62,3.4848,7.5630,26.4683,3.3615,1.0367,66.13,53.643,179.851,11.4688
interaction,CRYPTO_NEW,R3 BTC vs 200SMA,ABOVE 200SMA,F1 price >= $1,short,7,62,4.0911,11.8216,41.4226,5.2607,0.7777,67.74,65.245,261.516,15.5101
interaction,CRYPTO_NEW,R3 BTC vs 200SMA,ABOVE 200SMA,F1 price >= $1,short,14,62,1.0774,12.9968,46.6189,5.9206,0.1820,56.45,182.333,261.516,17.3373
interaction,CRYPTO_NEW,R3 BTC vs 200SMA,BELOW 200SMA,F1 price >= $1,long,3,6,-2.7184,-1.9517,10.0267,4.0934,-0.6641,50.00,50.652,59.291,n/a
interaction,CRYPTO_NEW,R3 BTC vs 200SMA,BELOW 200SMA,F1 price >= $1,long,7,6,0.9230,-4.5189,18.6336,7.6071,0.1213,50.00,60.385,61.237,n/a
interaction,CRYPTO_NEW,R3 BTC vs 200SMA,BELOW 200SMA,F1 price >= $1,long,14,6,-2.0702,-1.7849,18.5486,7.5724,-0.2734,33.33,60.385,61.237,n/a
interaction,CRYPTO_NEW,R3 BTC vs 200SMA,ABOVE 200SMA,F1 price >= $1,long,3,62,-3.5648,-7.6430,26.4683,3.3615,-1.0605,33.87,53.643,179.851,1.9454
interaction,CRYPTO_NEW,R3 BTC vs 200SMA,ABOVE 200SMA,F1 price >= $1,long,7,62,-4.1711,-11.9016,41.4226,5.2607,-0.7929,32.26,65.245,261.516,2.4554
interaction,CRYPTO_NEW,R3 BTC vs 200SMA,ABOVE 200SMA,F1 price >= $1,long,14,62,-1.1574,-13.0768,46.6189,5.9206,-0.1955,41.94,182.333,261.516,6.9230
interaction,CRYPTO_NEW,R3 BTC vs 200SMA,BELOW 200SMA,F2 day1 SD <= 2.5%,short,3,13,1.1098,-0.1540,5.7031,1.5818,0.7016,46.15,33.249,55.810,8.2613
interaction,CRYPTO_NEW,R3 BTC vs 200SMA,BELOW 200SMA,F2 day1 SD <= 2.5%,short,7,13,-0.7775,-0.2308,20.3037,5.6312,-0.1381,46.15,57.102,60.581,22.5691
interaction,CRYPTO_NEW,R3 BTC vs 200SMA,BELOW 200SMA,F2 day1 SD <= 2.5%,short,14,13,-4.6494,-1.8162,19.5053,5.4098,-0.8594,46.15,72.848,86.526,14.3132
interaction,CRYPTO_NEW,R3 BTC vs 200SMA,ABOVE 200SMA,F2 day1 SD <= 2.5%,short,3,60,4.6794,5.0398,9.6446,1.2451,3.7582,75.00,24.664,37.597,7.6857
interaction,CRYPTO_NEW,R3 BTC vs 200SMA,ABOVE 200SMA,F2 day1 SD <= 2.5%,short,7,60,7.1608,8.8480,15.3338,1.9796,3.6173,76.67,49.927,64.176,12.0894
interaction,CRYPTO_NEW,R3 BTC vs 200SMA,ABOVE 200SMA,F2 day1 SD <= 2.5%,short,14,60,3.2658,9.3828,28.6036,3.6927,0.8844,61.67,75.155,199.079,12.9165
interaction,CRYPTO_NEW,R3 BTC vs 200SMA,BELOW 200SMA,F2 day1 SD <= 2.5%,long,3,13,-1.1898,0.0740,5.7031,1.5818,-0.7522,53.85,33.249,55.810,6.0141
interaction,CRYPTO_NEW,R3 BTC vs 200SMA,BELOW 200SMA,F2 day1 SD <= 2.5%,long,7,13,0.6975,0.1508,20.3037,5.6312,0.1239,53.85,57.102,60.581,28.4328
interaction,CRYPTO_NEW,R3 BTC vs 200SMA,BELOW 200SMA,F2 day1 SD <= 2.5%,long,14,13,4.5694,1.7362,19.5053,5.4098,0.8447,53.85,72.848,86.526,29.0149
interaction,CRYPTO_NEW,R3 BTC vs 200SMA,ABOVE 200SMA,F2 day1 SD <= 2.5%,long,3,60,-4.7594,-5.1198,9.6446,1.2451,-3.8224,25.00,24.664,37.597,-2.2325
interaction,CRYPTO_NEW,R3 BTC vs 200SMA,ABOVE 200SMA,F2 day1 SD <= 2.5%,long,7,60,-7.2408,-8.9280,15.3338,1.9796,-3.6578,23.33,49.927,64.176,-3.4999
interaction,CRYPTO_NEW,R3 BTC vs 200SMA,ABOVE 200SMA,F2 day1 SD <= 2.5%,long,14,60,-3.3458,-9.4628,28.6036,3.6927,-0.9061,36.67,75.155,199.079,2.4460
interaction,CRYPTO_NEW,R3 BTC vs 200SMA,BELOW 200SMA,F3 day1 range <= 25%,short,3,14,1.8192,0.7157,6.0885,1.6272,1.1180,50.00,30.899,55.340,8.9565
interaction,CRYPTO_NEW,R3 BTC vs 200SMA,BELOW 200SMA,F3 day1 range <= 25%,short,7,14,-0.0205,-0.0594,19.7117,5.2682,-0.0039,50.00,56.740,60.508,19.3821
interaction,CRYPTO_NEW,R3 BTC vs 200SMA,BELOW 200SMA,F3 day1 range <= 25%,short,14,14,-4.1391,-0.6620,18.8371,5.0344,-0.8221,50.00,71.424,86.241,11.9811
interaction,CRYPTO_NEW,R3 BTC vs 200SMA,ABOVE 200SMA,F3 day1 range <= 25%,short,3,66,3.3286,4.2224,10.7533,1.3236,2.5147,69.70,27.912,52.921,6.7509
interaction,CRYPTO_NEW,R3 BTC vs 200SMA,ABOVE 200SMA,F3 day1 range <= 25%,short,7,66,5.7166,7.9170,16.8196,2.0704,2.7612,71.21,53.015,64.235,11.1392
interaction,CRYPTO_NEW,R3 BTC vs 200SMA,ABOVE 200SMA,F3 day1 range <= 25%,short,14,66,3.2484,7.3764,28.3361,3.4879,0.9313,62.12,77.484,181.995,12.3861
interaction,CRYPTO_NEW,R3 BTC vs 200SMA,BELOW 200SMA,F3 day1 range <= 25%,long,3,14,-1.8992,-0.7957,6.0885,1.6272,-1.1672,50.00,30.899,55.340,5.0125
interaction,CRYPTO_NEW,R3 BTC vs 200SMA,BELOW 200SMA,F3 day1 range <= 25%,long,7,14,-0.0595,-0.0206,19.7117,5.2682,-0.0113,50.00,56.740,60.508,22.2497
interaction,CRYPTO_NEW,R3 BTC vs 200SMA,BELOW 200SMA,F3 day1 range <= 25%,long,14,14,4.0591,0.5820,18.8371,5.0344,0.8063,50.00,71.424,86.241,24.3272
interaction,CRYPTO_NEW,R3 BTC vs 200SMA,ABOVE 200SMA,F3 day1 range <= 25%,long,3,66,-3.4086,-4.3024,10.7533,1.3236,-2.5751,30.30,27.912,52.921,-0.8565
interaction,CRYPTO_NEW,R3 BTC vs 200SMA,ABOVE 200SMA,F3 day1 range <= 25%,long,7,66,-5.7966,-7.9970,16.8196,2.0704,-2.7998,28.79,53.015,64.235,-1.9338
interaction,CRYPTO_NEW,R3 BTC vs 200SMA,ABOVE 200SMA,F3 day1 range <= 25%,long,14,66,-3.3284,-7.4564,28.3361,3.4879,-0.9543,36.36,77.484,181.995,2.0780
interaction,CRYPTO_NEW,R3 BTC vs 200SMA,BELOW 200SMA,F4 price>=$1 AND SD<=2.5%,short,3,3,-2.3102,-4.5850,8.8229,5.0939,-0.4535,33.33,55.796,60.319,n/a
interaction,CRYPTO_NEW,R3 BTC vs 200SMA,BELOW 200SMA,F4 price>=$1 AND SD<=2.5%,short,7,3,3.7667,-0.2308,10.1541,5.8625,0.6425,33.33,55.796,60.319,n/a
interaction,CRYPTO_NEW,R3 BTC vs 200SMA,BELOW 200SMA,F4 price>=$1 AND SD<=2.5%,short,14,3,7.8150,0.9142,17.5230,10.1169,0.7725,66.67,55.883,60.337,n/a
interaction,CRYPTO_NEW,R3 BTC vs 200SMA,ABOVE 200SMA,F4 price>=$1 AND SD<=2.5%,short,3,23,5.2144,6.6440,8.2442,1.7190,3.0334,73.91,23.098,24.394,11.0521
interaction,CRYPTO_NEW,R3 BTC vs 200SMA,ABOVE 200SMA,F4 price>=$1 AND SD<=2.5%,short,7,23,8.6032,5.0649,12.2379,2.5518,3.3714,78.26,30.865,37.278,16.7291
interaction,CRYPTO_NEW,R3 BTC vs 200SMA,ABOVE 200SMA,F4 price>=$1 AND SD<=2.5%,short,14,23,4.6539,-0.6747,22.9055,4.7761,0.9744,43.48,38.943,67.001,19.3016
interaction,CRYPTO_NEW,R3 BTC vs 200SMA,BELOW 200SMA,F4 price>=$1 AND SD<=2.5%,long,3,3,2.2302,4.5050,8.8229,5.0939,0.4378,66.67,55.796,60.319,n/a
interaction,CRYPTO_NEW,R3 BTC vs 200SMA,BELOW 200SMA,F4 price>=$1 AND SD<=2.5%,long,7,3,-3.8467,0.1508,10.1541,5.8625,-0.6562,66.67,55.796,60.319,n/a
interaction,CRYPTO_NEW,R3 BTC vs 200SMA,BELOW 200SMA,F4 price>=$1 AND SD<=2.5%,long,14,3,-7.8950,-0.9942,17.5230,10.1169,-0.7804,33.33,55.883,60.337,n/a
interaction,CRYPTO_NEW,R3 BTC vs 200SMA,ABOVE 200SMA,F4 price>=$1 AND SD<=2.5%,long,3,23,-5.2944,-6.7240,8.2442,1.7190,-3.0799,26.09,23.098,24.394,0.2737
interaction,CRYPTO_NEW,R3 BTC vs 200SMA,ABOVE 200SMA,F4 price>=$1 AND SD<=2.5%,long,7,23,-8.6832,-5.1449,12.2379,2.5518,-3.4028,21.74,30.865,37.278,0.2966
interaction,CRYPTO_NEW,R3 BTC vs 200SMA,ABOVE 200SMA,F4 price>=$1 AND SD<=2.5%,long,14,23,-4.7339,0.5947,22.9055,4.7761,-0.9912,52.17,38.943,67.001,11.2196
